#{"t_start": 1791156473.7308884, "env_id": "None"}
r,l,t,is_success
-9.82,12,1.015829,False
-10.33,8,1.022343,False
-10.26,6,1.027698,False
-10.35,10,1.035214,False
-10.19,4,1.039214,False
-10.19,14,1.050239,False
-10.11,11,1.058765,False
-10.36,11,1.067288,False
-10.48,13,1.077797,False
-9.97,7,1.083321,False
-10.08,3,1.08584,False
-9.75,10,1.093103,False
-10.2,5,1.097178,False
-9.91,6,1.101171,False
-10.19,4,1.104167,False
-10.07,2,1.105679,False
-9.88,13,1.116016,False
-10.28,8,1.122026,False
-10.34,9,1.128766,False
-10.27,7,1.134766,False
-10.28,8,1.140284,False
-10.3,10,1.149079,False
-10.24,9,1.155559,False
-10.04,9,1.163347,False
-10.3,10,1.170867,False
-10.29,9,1.17709,False
-10.05,10,1.184602,False
-10.55,15,1.195842,False
-10.23,8,1.202027,False
-9.47,17,1.215843,False
-10.16,6,1.220353,False
-10.16,6,1.22537,False
-10.21,6,1.229584,False
-10.21,16,1.242143,False
-10.38,13,1.251909,False
-10.08,3,1.254914,False
-9.99,9,1.261764,False
-10.33,13,1.272299,False
-10.09,4,1.27578,False
-10.36,16,1.287857,False
-10.13,3,1.290848,False
-10.05,20,1.306387,False
-10.1,5,1.30983,False
-10.16,6,1.314339,False
-10.27,7,1.320349,False
-10.21,16,1.333151,False
-10.13,3,1.335151,False
-10.44,14,1.346992,False
-10.13,3,1.349512,False
-10.09,14,1.360706,False
-9.84,4,1.363703,False
-10.21,16,1.377432,False
-10.05,10,1.385495,False
-9.85,5,1.389014,False
-10.0,10,1.397279,False
-10.14,4,1.399806,False
-10.0,10,1.407804,False
-9.75,10,1.415549,False
-9.67,7,1.421073,False
-10.28,8,1.427846,False
-9.99,9,1.434365,False
-10.06,11,1.443453,False
-10.3,10,1.45097,False
-10.06,11,1.459629,False
-10.06,11,1.46817,False
-10.14,4,1.47017,False
-9.9,5,1.481043,False
-10.27,7,1.487554,False
-9.98,8,1.495258,False
-10.22,7,1.5013,False
-10.03,8,1.508296,False
-10.28,8,1.528027,False
-9.85,5,1.532024,False
-10.15,5,1.535541,False
-9.88,8,1.542548,False
-10.16,6,1.546547,False
-10.06,11,1.554866,False
-10.25,10,1.563302,False
-10.48,13,1.573811,False
-9.79,4,1.577155,False
-10.13,3,1.579149,False
-10.34,9,1.586115,False
-9.98,8,1.592632,False
-9.83,3,1.595892,False
-10.08,13,1.608397,False
-10.19,4,1.612407,False
-9.98,8,1.61892,False
-10.25,10,1.627443,False
-9.85,5,1.631434,False
-10.41,11,1.640801,False
-10.41,11,1.649765,False
-10.04,9,1.65629,False
-10.27,7,1.662705,False
-10.14,4,1.665705,False
-10.44,14,1.676554,False
-10.16,6,1.682099,False
-10.32,12,1.691962,False
-10.17,12,1.701033,False
-10.11,11,1.710794,False
-10.13,3,1.712778,False
-10.22,7,1.718786,False
-9.99,9,1.724963,False
-10.41,11,1.734468,False
-10.03,3,1.73748,False
-10.35,10,1.744996,False
-10.15,5,1.748996,False
-10.23,8,1.754512,False
-10.03,3,1.757512,False
-10.07,2,1.758521,False
-10.42,12,1.768044,False
-10.08,3,1.771044,False
-9.81,11,1.779886,False
-10.28,8,1.785204,False
-10.03,3,1.788204,False
-10.11,11,1.79646,False
-9.32,12,1.805987,False
-10.14,4,1.808986,False
-9.07,12,1.818741,False
-10.28,8,1.825267,False
-10.27,7,1.830474,False
-9.85,5,1.834974,False
-10.21,6,1.83898,False
-10.4,10,2.205834,False
-10.04,9,2.216394,False
-9.81,11,2.226658,False
-10.1,10,2.235177,False
-10.23,8,2.242295,False
-10.08,13,2.254137,False
-10.14,4,2.258209,False
-10.66,21,2.277442,False
-10.21,6,2.282948,False
-9.99,9,2.290453,False
-10.27,7,2.296486,False
-10.51,16,2.313692,False
-10.09,4,2.317692,False
-10.28,8,2.32587,False
-9.98,8,2.334397,False
-9.64,9,2.344017,False
-10.3,10,2.354547,False
-10.21,6,2.361102,False
-10.21,6,2.36821,False
-10.26,6,2.374715,False
-10.1,5,2.379325,False
-10.08,3,2.383325,False
-10.2,5,2.388336,False
-10.16,16,2.40292,False
-10.07,2,2.404912,False
-10.04,9,2.412206,False
-10.37,12,2.422765,False
-10.51,16,2.435969,False
-9.07,12,2.446312,False
-10.06,11,2.454836,False
-10.08,3,2.456558,False
-10.2,5,2.460252,False
-10.13,13,2.470778,False
-10.28,8,2.477164,False
-10.19,4,2.480178,False
-10.21,6,2.484708,False
-10.02,17,2.498985,False
-10.14,4,2.501994,False
-10.2,5,2.505991,False
-10.29,9,2.513051,False
-10.3,10,2.520547,False
-10.22,7,2.525893,False
-10.34,9,2.533443,False
-10.06,11,2.542322,False
-10.22,7,2.548344,False
-10.28,8,2.554867,False
-9.9,5,2.558867,False
-9.97,7,2.56384,False
-10.26,6,2.568841,False
-9.91,6,2.573366,False
-9.86,6,2.578755,False
-9.68,8,2.584415,False
-10.06,11,2.593926,False
-10.23,8,2.600932,False
-10.24,9,2.608969,False
-10.09,4,2.611409,False
-10.08,3,2.613928,False
-10.5,15,2.624968,False
-9.15,5,2.629411,False
-10.11,11,2.637467,False
-10.01,11,2.646342,False
-10.15,5,2.649338,False
-10.21,6,2.654338,False
-9.9,15,2.666332,False
-10.28,8,2.672331,False
-9.98,8,2.679623,False
-10.13,13,2.689421,False
-10.0,10,2.697448,False
-10.07,12,2.706971,False
-9.87,7,2.711927,False
-10.3,10,2.720423,False
-10.12,12,2.728679,False
-9.91,6,2.734208,False
-10.15,5,2.737204,False
-10.13,13,2.747582,False
-10.28,8,2.754106,False
-9.78,3,2.756106,False
-10.15,5,2.760558,False
-10.14,4,2.763079,False
-9.98,8,2.769078,False
-10.01,11,2.777912,False
-10.36,11,2.786483,False
-9.98,8,2.792791,False
-10.1,10,2.800526,False
-9.74,9,2.808042,False
-10.21,6,2.812261,False
-10.1,5,2.815774,False
-10.32,12,2.824788,False
-9.84,4,2.82853,False
-10.2,5,2.83253,False
-10.05,10,2.840052,False
-10.2,5,2.84434,False
-9.9,5,2.847859,False
-10.36,11,2.855753,False
-10.33,8,2.861488,False
-9.81,11,2.871006,False
-10.21,6,2.875013,False
-9.9,5,2.879,False
-10.25,10,2.886528,False
-9.86,11,2.89447,False
-10.27,7,2.900719,False
-10.14,4,2.90372,False
-10.18,13,2.913258,False
-10.13,3,2.916255,False
-9.67,7,2.92076,False
-10.13,3,2.922779,False
-10.42,12,2.933349,False
-10.14,4,2.935855,False
-9.29,19,2.951887,False
-10.22,7,2.957392,False
-10.34,9,2.964822,False
-10.06,11,2.973501,False
-10.15,5,2.977507,False
-10.24,9,2.984168,False
-10.35,10,2.991219,False
-10.63,18,3.005485,False
-10.18,8,3.011723,False
-9.85,5,3.014708,False
-10.3,10,3.022233,False
-10.2,5,3.02624,False
-10.03,3,3.028498,False
-10.08,3,3.031021,False
-9.99,9,3.038022,False
-10.69,19,3.442799,False
-10.28,8,3.451323,False
-10.14,14,3.466342,False
-10.04,9,3.476304,False
-9.92,7,3.481822,False
-10.23,8,3.489828,False
-10.04,9,3.498409,False
-10.15,5,3.508199,False
-10.05,10,3.517405,False
-9.42,22,3.540148,False
-10.19,14,3.554793,False
-9.99,9,3.564307,False
-9.67,7,3.570306,False
-10.09,9,3.580301,False
-10.17,7,3.587089,False
-10.27,7,3.595192,False
-10.0,10,3.605694,False
-10.13,13,3.618794,False
-10.14,4,3.622794,False
-10.54,14,3.637419,False
-10.07,12,3.647863,False
-10.36,11,3.657377,False
-10.27,7,3.664175,False
-10.3,10,3.672696,False
-10.24,9,3.68093,False
-10.1,10,3.688438,False
-10.49,14,3.699744,False
-10.1,5,3.702788,False
-10.15,5,3.706787,False
-10.05,10,3.714535,False
-10.22,7,3.719534,False
-10.14,4,3.72305,False
-10.0,10,3.730307,False
-9.85,5,3.734833,False
-10.5,15,3.746803,False
-9.98,8,3.752803,False
-9.46,21,3.767607,False
-10.29,9,3.774749,False
-10.19,9,3.781533,False
-10.18,8,3.787059,False
-10.34,9,3.794535,False
-10.5,15,3.806674,False
-8.86,6,3.810913,False
-10.14,4,3.814912,False
-9.92,7,3.819436,False
-9.98,8,3.825732,False
-9.99,9,3.832694,False
-9.64,14,3.844485,False
-9.87,7,3.849996,False
-10.27,7,3.855002,False
-9.89,14,3.867115,False
-10.2,10,3.875631,False
-9.91,6,3.880595,False
-10.21,6,3.8846,False
-9.03,18,3.897951,False
-10.15,5,3.902272,False
-10.24,9,3.909265,False
-10.34,9,3.916049,False
-10.03,8,3.92255,False
-10.14,4,3.92586,False
-10.18,13,3.934869,False
-10.32,12,3.944627,False
-10.01,11,3.954157,False
-9.9,5,3.957181,False
-10.22,17,3.971323,False
-10.18,8,3.977728,False
-10.25,10,3.98525,False
-9.81,11,3.993325,False
-9.52,17,4.006929,False
-10.43,13,4.017233,False
-9.63,13,4.027,False
-9.92,17,4.041031,False
-9.98,8,4.047549,False
-10.07,12,4.056061,False
-10.29,9,4.063848,False
-10.04,4,4.066848,False
-10.26,16,4.078598,False
-10.09,4,4.080598,False
-9.98,8,4.087126,False
-10.29,9,4.093872,False
-9.82,12,4.103078,False
-9.91,6,4.108092,False
-10.17,7,4.113329,False
-10.13,3,4.115851,False
-9.83,3,4.117378,False
-9.24,19,4.132126,False
-9.92,7,4.137651,False
-10.19,9,4.145476,False
-10.37,12,4.154992,False
-9.96,6,4.159402,False
-9.92,7,4.163421,False
-9.9,5,4.168948,False
-9.18,8,4.17394,False
-10.08,3,4.177466,False
-9.98,8,4.183469,False
-10.29,14,4.194737,False
-10.29,9,4.201772,False
-10.26,11,4.210109,False
-10.27,7,4.215087,False
-9.91,6,4.219606,False
-10.11,11,4.228829,False
-10.2,5,4.233115,False
-9.84,4,4.236115,False
-10.04,9,4.24203,False
-10.04,9,4.249595,False
-10.12,12,4.258115,False
-10.23,13,4.267862,False
-10.2,5,4.271373,False
-10.06,11,4.280051,False
-10.28,8,4.285575,False
-9.9,15,4.665556,False
-10.1,10,4.676608,False
-10.5,15,4.69013,False
-9.92,7,4.69606,False
-10.17,7,4.703565,False
-9.95,10,4.71408,False
-10.5,15,4.730793,False
-10.24,9,4.740296,False
-10.15,5,4.745027,False
-10.26,6,4.750026,False
-10.34,9,4.758531,False
-10.13,3,4.761182,False
-9.32,17,4.776127,False
-9.98,8,4.784149,False
-10.13,13,4.79869,False
-10.2,5,4.804195,False
-8.77,12,4.815609,False
-9.75,10,4.824115,False
-10.13,13,4.835046,False
-10.13,13,4.846093,False
-9.98,8,4.853101,False
-10.21,21,4.871869,False
-10.51,16,4.884718,False
-10.15,5,4.888242,False
-9.89,14,4.899545,False
-10.14,4,4.902544,False
-9.09,4,4.905544,False
-10.13,3,4.908055,False
-10.44,14,4.918797,False
-10.0,10,4.926381,False
-10.27,7,4.932904,False
-9.91,6,4.936904,False
-9.94,14,4.947779,False
-10.07,12,4.957302,False
-10.31,16,4.97026,False
-9.92,7,4.975772,False
-10.26,6,4.980734,False
-10.28,8,4.986741,False
-9.96,6,4.991246,False
-10.14,14,5.0028,False
-10.22,7,5.008312,False
-10.28,8,5.014296,False
-9.83,3,5.017296,False
-10.21,6,5.021296,False
-9.68,8,5.028307,False
-10.13,3,5.030308,False
-9.98,8,5.036834,False
-10.28,8,5.043248,False
-10.6,20,5.058775,False
-10.21,6,5.063796,False
-9.96,6,5.067319,False
-10.15,5,5.07132,False
-10.12,12,5.08065,False
-10.41,11,5.089162,False
-10.29,9,5.096112,False
-10.04,9,5.103272,False
-10.02,17,5.117268,False
-10.09,4,5.119792,False
-10.19,9,5.128597,False
-9.98,18,5.142094,False
-9.67,7,5.147568,False
-9.81,11,5.156079,False
-9.99,9,5.163377,False
-10.14,4,5.167376,False
-10.2,15,5.178338,False
-10.34,9,5.18585,False
-9.74,9,5.192785,False
-10.27,7,5.197807,False
-10.5,15,5.209773,False
-9.92,7,5.2153,False
-10.07,2,5.2173,False
-10.33,8,5.222812,False
-10.05,10,5.230764,False
-9.21,16,5.243294,False
-10.25,10,5.251301,False
-10.05,10,5.259411,False
-10.33,13,5.269943,False
-9.94,9,5.276849,False
-10.14,4,5.279849,False
-10.23,13,5.290361,False
-9.87,12,5.299233,False
-9.62,17,5.312917,False
-9.9,5,5.316868,False
-10.42,12,5.325219,False
-9.2,15,5.336764,False
-10.27,7,5.342773,False
-9.99,9,5.349568,False
-9.77,12,5.359493,False
-10.19,14,5.370037,False
-10.13,3,5.372024,False
-9.93,8,5.378442,False
-10.15,5,5.381966,False
-10.14,4,5.384966,False
-10.26,6,5.389627,False
-10.17,12,5.39906,False
-10.04,9,5.405346,False
-10.27,7,5.410859,False
-9.9,5,5.414873,False
-10.17,12,5.424398,False
-10.13,3,5.426652,False
-10.09,4,5.429646,False
-10.3,10,5.437172,False
-9.89,4,5.440173,False
-9.89,4,5.443103,False
-10.24,9,5.451097,False
-10.25,10,5.459192,False
-10.02,17,5.472733,False
-9.97,7,5.477696,False
-9.17,22,5.856377,False
-10.1,5,5.861512,False
-10.11,11,5.873016,False
-10.22,7,5.881038,False
-10.19,4,5.885037,False
-10.1,10,5.895105,False
-10.22,7,5.901607,False
-9.92,7,5.909672,False
-9.67,7,5.916177,False
-9.93,8,5.923681,False
-9.91,6,5.929296,False
-10.24,9,5.9388,False
-9.79,9,5.948991,False
-10.16,11,5.958495,False
-10.41,11,5.970459,False
-10.02,2,5.972459,False
-10.16,6,5.97848,False
-9.91,6,5.984982,False
-10.56,16,6.002081,False
-9.75,10,6.012764,False
-10.02,7,6.019774,False
-10.11,11,6.030428,False
-9.97,17,6.048101,False
-10.27,12,6.060268,False
-9.87,12,6.070014,False
-10.29,9,6.077424,False
-10.09,4,6.079937,False
-10.62,17,6.094018,False
-10.25,15,6.105746,False
-10.28,8,6.111211,False
-10.02,17,6.124833,False
-9.9,5,6.128882,False
-10.2,20,6.145276,False
-10.46,11,6.153276,False
-10.55,15,6.165242,False
-9.9,5,6.168753,False
-9.93,8,6.174754,False
-10.18,13,6.1852,False
-9.99,9,6.192711,False
-9.57,12,6.202179,False
-10.18,13,6.211659,False
-9.89,14,6.222682,False
-10.6,25,6.242201,False
-9.82,12,6.251899,False
-10.03,8,6.257899,False
-9.81,11,6.26641,False
-9.97,7,6.270916,False
-10.13,3,6.273922,False
-9.07,12,6.285,False
-9.9,5,6.288,False
-9.96,16,6.301509,False
-10.28,8,6.307514,False
-10.01,11,6.31596,False
-10.15,20,6.332433,False
-10.22,17,6.345844,False
-10.27,7,6.350843,False
-10.07,2,6.352839,False
-10.15,5,6.356352,False
-10.29,9,6.363712,False
-9.9,5,6.368232,False
-10.09,9,6.374231,False
-10.48,13,6.385216,False
-9.2,15,6.396179,False
-10.3,20,6.412131,False
-10.21,16,6.424638,False
-9.9,15,6.436147,False
-10.41,11,6.445417,False
-10.34,9,6.452924,False
-9.81,11,6.462401,False
-9.89,4,6.465404,False
-10.36,11,6.474916,False
-10.05,10,6.482898,False
-10.28,8,6.487898,False
-10.05,10,6.496261,False
-9.92,7,6.501261,False
-10.15,5,6.505279,False
-10.2,5,6.509893,False
-10.07,12,6.518913,False
-10.25,15,6.530688,False
-10.37,12,6.5392,False
-10.27,7,6.545632,False
-9.89,14,6.556156,False
-10.35,10,6.563622,False
-10.16,6,6.568146,False
-10.23,13,6.57813,False
-9.99,9,6.58413,False
-9.82,12,6.595107,False
-10.28,8,6.601629,False
-10.22,7,6.607181,False
-10.13,13,7.61702,False
-9.96,6,7.622364,False
-9.92,7,7.629829,False
-10.1,20,7.646054,False
-10.2,15,7.65758,False
-10.27,7,7.66417,False
-10.28,8,7.67068,False
-10.3,10,7.679113,False
-10.32,12,7.687636,False
-10.02,12,7.697599,False
-10.17,12,7.706263,False
-10.08,3,7.708263,False
-9.97,7,8.077312,False
-9.86,6,8.083831,False
-8.85,5,8.089075,False
-10.17,12,8.100837,False
-9.92,7,8.108787,False
-9.6,15,8.124561,False
-9.41,21,8.147037,False
-10.22,7,8.154544,False
-9.22,17,8.173075,False
-9.84,4,8.176639,False
-9.74,9,8.185161,False
-9.99,14,8.197361,False
-10.27,7,8.203866,False
-10.1,5,8.209703,False
-10.22,7,8.215465,False
-10.04,9,8.223464,False
-10.07,12,8.238647,False
-9.89,4,8.243279,False
-9.26,16,8.262914,False
-10.32,12,8.277358,False
-10.21,6,8.282356,False
-10.21,6,8.286867,False
-10.13,13,8.299558,False
-9.97,7,8.305557,False
-10.15,20,8.321968,False
-10.54,24,8.340816,False
-10.02,2,8.342222,False
-10.25,15,8.354803,False
-9.79,4,8.357803,False
-10.15,5,8.361521,False
-9.84,4,8.364526,False
-10.1,10,8.372184,False
-10.32,17,8.385328,False
-9.81,11,8.394287,False
-10.14,4,8.397288,False
-10.1,10,8.405806,False
-10.56,16,8.418317,False
-9.98,8,8.424829,False
-10.25,15,8.436165,False
-10.29,9,8.443585,False
-10.44,14,8.454112,False
-9.97,7,8.459486,False
-9.84,19,8.473027,False
-10.18,13,8.48288,False
-10.08,18,8.497369,False
-10.33,8,8.503369,False
-10.36,11,8.511405,False
-10.05,10,8.51952,False
-10.1,5,8.52352,False
-9.74,9,8.530574,False
-9.64,14,8.542753,False
-10.01,11,8.551778,False
-9.0,10,8.559653,False
-9.44,14,8.569422,False
-10.28,8,8.576887,False
-10.14,4,8.579882,False
-10.34,9,8.586336,False
-10.17,7,8.59233,False
-9.76,11,8.601694,False
-10.11,11,8.610529,False
-10.35,10,8.618063,False
-10.04,19,8.63404,False
-9.79,9,8.643033,False
-10.05,10,8.651556,False
-10.1,10,8.660608,False
-10.41,11,8.668117,False
-9.96,6,8.673124,False
-10.35,10,8.680666,False
-10.15,5,8.684666,False
-10.38,18,8.698568,False
-10.44,19,8.714499,False
-10.26,6,8.719015,False
-10.13,3,8.72103,False
-10.22,7,8.726334,False
-10.31,16,8.738394,False
-10.05,10,8.74735,False
-10.34,9,8.753857,False
-9.68,8,8.76038,False
-9.9,5,8.76405,False
-9.9,5,8.767974,False
-10.42,12,8.77704,False
-9.81,11,8.786054,False
-10.46,11,8.793654,False
-10.09,9,8.800577,False
-10.16,11,8.809519,False
-9.83,3,8.811614,False
-9.86,6,8.816722,False
-10.09,4,8.819722,False
-9.76,11,8.827986,False
-10.33,8,8.834416,False
-10.05,10,8.842242,False
-10.07,12,8.851321,False
-9.78,3,8.853993,False
-10.27,7,8.859345,False
-9.98,8,8.865098,False
-10.61,16,8.876848,False
-9.99,9,8.884366,False
-10.35,10,8.892366,False
-10.08,3,8.894593,False
-10.14,14,8.905118,False
-9.58,13,8.914827,False
-8.94,19,8.929559,False
-10.41,11,9.313235,False
-9.61,6,9.31874,False
-9.93,13,9.330977,False
-9.92,7,9.338098,False
-10.31,16,9.354592,False
-9.76,11,9.364593,False
-10.6,15,9.378915,False
-9.78,3,9.381916,False
-10.13,3,9.385598,False
-9.9,5,9.390515,False
-9.83,13,9.404558,False
-10.26,6,9.411014,False
-9.61,6,9.417533,False
-9.61,6,9.422534,False
-10.04,9,9.431726,False
-10.2,5,9.437492,False
-9.8,10,9.448439,False
-10.2,5,9.453439,False
-10.26,6,9.460303,False
-10.2,5,9.465303,False
-10.05,10,9.475808,False
-9.83,3,9.479313,False
-10.02,7,9.485313,False
-10.03,3,9.487815,False
-10.02,7,9.495332,False
-10.2,5,9.500839,False
-10.14,4,9.504839,False
-9.92,7,9.511332,False
-10.41,11,9.520812,False
-10.03,8,9.528364,False
-10.33,8,9.535414,False
-10.39,9,9.542459,False
-10.33,8,9.549502,False
-10.27,7,9.556023,False
-9.85,15,9.567662,False
-10.15,15,9.579685,False
-9.97,7,9.585206,False
-10.34,9,9.593623,False
-9.96,6,9.597609,False
-9.96,11,9.607117,False
-9.99,9,9.614112,False
-9.91,6,9.619074,False
-9.83,3,9.621084,False
-10.26,16,9.633021,False
-9.8,5,9.637548,False
-10.16,21,9.653994,False
-9.91,6,9.658808,False
-9.8,10,9.667572,False
-10.27,7,9.672494,False
-10.05,10,9.680518,False
-10.41,11,9.689037,False
-9.92,7,9.694488,False
-9.85,5,9.698011,False
-10.04,9,9.70501,False
-9.54,14,9.715589,False
-10.5,15,9.727171,False
-10.05,10,9.735778,False
-10.43,13,9.745537,False
-9.59,4,9.748538,False
-9.99,9,9.75506,False
-9.83,3,9.758054,False
-10.44,19,9.772466,False
-9.74,9,9.779541,False
-10.24,14,9.790078,False
-10.01,16,9.802588,False
-10.1,10,9.810024,False
-9.97,7,9.815541,False
-9.75,10,9.822576,False
-10.25,15,9.834224,False
-9.8,10,9.841746,False
-10.0,15,9.852986,False
-10.47,12,9.864554,False
-10.17,12,9.87357,False
-10.29,9,9.881441,False
-9.84,4,9.883442,False
-9.62,7,9.889964,False
-10.07,17,9.901813,False
-10.2,15,9.913635,False
-10.27,7,9.91968,False
-10.15,5,9.923677,False
-10.21,6,9.927537,False
-9.67,7,9.933061,False
-9.91,6,9.938664,False
-10.28,8,9.945155,False
-9.97,7,9.950671,False
-10.13,3,9.95275,False
-9.97,7,9.958753,False
-10.1,5,9.962297,False
-9.81,11,9.970821,False
-9.92,7,9.976197,False
-9.97,7,9.981738,False
-9.65,15,9.992661,False
-10.32,17,10.006164,False
-10.19,19,10.020187,False
-10.07,12,10.032144,False
-9.05,10,10.039161,False
-9.43,13,10.050125,False
-10.24,14,10.061144,False
-9.91,6,10.065655,False
-9.95,15,10.077678,False
-10.24,14,10.0882,False
-8.92,7,10.093586,False
-9.37,17,10.107108,False
-9.99,9,10.1136,False
-10.23,8,10.120651,False
-9.96,6,10.124166,False
-9.95,15,10.13608,False
-9.79,9,10.14356,False
-10.13,18,10.157573,False
-10.21,6,10.162237,False
-10.04,9,10.551674,False
-10.4,10,10.562534,False
-10.38,13,10.576668,False
-9.97,7,10.584173,False
-9.97,7,10.591172,False
-10.06,11,10.603751,False
-9.7,10,10.612474,False
-10.16,6,10.617981,False
-9.99,9,10.627797,False
-10.22,7,10.636318,False
-9.98,8,10.64412,False
-10.26,6,10.650651,False
-9.91,6,10.657155,False
-9.19,14,10.670905,False
-10.17,7,10.676519,False
-9.97,7,10.683529,False
-10.16,11,10.694744,False
-9.82,12,10.707743,False
-9.88,13,10.720966,False
-9.99,9,10.730707,False
-10.36,11,10.741712,False
-10.31,21,10.759613,False
-10.1,10,10.768436,False
-10.34,9,10.776648,False
-9.74,9,10.784315,False
-9.91,6,10.789917,False
-9.8,10,10.797971,False
-9.94,9,10.805493,False
-9.8,10,10.814323,False
-8.91,16,10.826802,False
-10.24,14,10.838324,False
-9.72,7,10.843334,False
-10.1,10,10.850891,False
-9.73,8,10.857421,False
-10.48,13,10.867169,False
-9.73,8,10.873166,False
-9.9,5,10.877091,False
-9.91,6,10.881091,False
-10.2,5,10.88562,False
-9.94,9,10.892619,False
-8.75,10,10.899556,False
-9.9,5,10.903555,False
-10.04,9,10.910289,False
-10.22,7,10.915802,False
-10.06,11,10.924338,False
-10.14,14,10.935555,False
-10.05,10,10.942961,False
-10.05,10,10.951133,False
-9.96,6,10.955137,False
-10.0,15,10.967578,False
-9.8,10,10.975101,False
-9.89,14,10.984951,False
-10.09,9,10.991801,False
-10.16,6,10.996813,False
-10.08,8,11.002342,False
-10.19,19,11.016235,False
-9.85,10,11.024287,False
-10.0,10,11.032135,False
-9.8,5,11.035135,False
-9.91,6,11.040135,False
-9.92,7,11.045897,False
-10.44,14,11.057928,False
-9.92,7,11.06346,False
-10.36,11,11.07146,False
-10.34,19,11.086732,False
-10.34,9,11.093469,False
-10.19,14,11.104525,False
-9.91,16,11.1167,False
-9.67,7,11.121279,False
-9.93,13,11.131895,False
-10.34,9,11.138407,False
-9.76,16,11.151033,False
-10.36,16,11.16307,False
-10.2,5,11.167739,False
-9.89,4,11.170745,False
-10.14,4,11.17374,False
-9.51,11,11.181874,False
-10.14,4,11.184874,False
-10.12,12,11.194845,False
-9.92,7,11.199357,False
-10.05,10,11.207886,False
-10.68,18,11.220859,False
-10.03,18,11.23482,False
-9.66,6,11.239365,False
-10.13,13,11.250281,False
-10.1,10,11.257281,False
-10.28,8,11.264217,False
-10.1,10,11.272747,False
-10.24,9,11.279109,False
-9.86,11,11.28762,False
-9.79,4,11.29062,False
-10.49,14,11.300543,False
-9.99,9,11.308066,False
-10.04,9,11.31525,False
-9.98,8,11.321173,False
-10.18,13,11.330722,False
-10.04,9,11.338317,False
-9.94,9,11.345385,False
-10.22,7,11.350391,False
-9.77,2,11.352391,False
-8.74,14,11.363497,False
-10.27,7,11.368527,False
-9.84,4,11.372039,False
-9.98,8,11.378209,False
-9.97,7,11.38372,False
-10.2,15,11.787581,False
-10.47,12,11.800853,False
-9.88,13,11.81518,False
-10.3,10,11.824684,False
-9.9,5,11.830026,False
-9.77,17,11.846077,False
-10.1,10,11.856339,False
-10.12,12,11.868545,False
-10.12,12,11.881255,False
-9.98,8,11.890256,False
-10.06,11,11.900464,False
-10.35,15,11.912702,False
-9.84,4,11.916702,False
-9.92,12,11.927865,False
-9.77,12,11.940369,False
-10.15,5,11.945605,False
-10.18,13,11.959706,False
-10.29,9,11.967225,False
-10.21,16,11.981385,False
-10.12,12,11.991908,False
-10.01,11,12.001149,False
-10.06,11,12.01142,False
-10.36,16,12.023945,False
-9.86,6,12.030252,False
-10.25,15,12.04261,False
-10.22,7,12.048134,False
-10.02,17,12.060872,False
-10.43,18,12.073915,False
-10.08,3,12.076332,False
-9.68,18,12.091369,False
-10.21,6,12.095705,False
-10.17,12,12.104741,False
-9.89,4,12.108519,False
-9.96,6,12.112811,False
-9.96,6,12.117811,False
-9.91,6,12.122334,False
-9.87,12,12.131401,False
-10.05,10,12.138401,False
-9.96,6,12.144264,False
-9.09,14,12.154303,False
-9.97,7,12.159606,False
-9.98,8,12.165127,False
-10.3,15,12.177898,False
-10.04,9,12.184423,False
-10.02,17,12.197146,False
-10.03,8,12.203678,False
-9.66,6,12.20783,False
-10.11,11,12.215584,False
-10.15,5,12.219579,False
-9.89,4,12.223578,False
-10.03,8,12.229895,False
-9.67,7,12.234901,False
-10.1,10,12.242717,False
-10.01,16,12.254767,False
-9.64,14,12.26574,False
-10.03,3,12.268254,False
-10.29,14,12.279213,False
-9.91,6,12.283212,False
-10.03,8,12.289737,False
-10.29,14,12.299464,False
-10.0,15,12.310701,False
-10.23,8,12.3177,False
-9.83,13,12.326444,False
-9.99,9,12.33451,False
-10.05,10,12.342035,False
-10.22,7,12.347261,False
-10.11,11,12.355308,False
-10.28,8,12.361532,False
-9.86,21,12.376904,False
-10.17,12,12.386427,False
-9.8,10,12.39425,False
-9.87,7,12.399245,False
-10.05,10,12.406765,False
-9.97,7,12.412256,False
-10.02,7,12.417781,False
-10.12,12,12.427745,False
-10.37,17,12.440787,False
-10.16,21,12.458052,False
-10.03,8,12.464385,False
-10.09,9,12.470905,False
-10.18,13,12.480849,False
-10.11,11,12.489849,False
-9.98,8,12.495586,False
-9.76,16,12.507113,False
-10.1,10,12.515548,False
-10.19,14,12.526296,False
-10.48,13,12.536354,False
-9.9,5,12.539355,False
-9.79,4,12.542253,False
-10.13,13,12.552771,False
-10.07,2,12.554777,False
-10.31,16,12.566598,False
-10.06,11,12.575525,False
-9.76,11,12.584064,False
-10.1,10,12.591068,False
-10.45,15,12.602735,False
-9.83,3,12.604246,False
-10.39,19,12.619166,False
-10.18,13,12.991027,False
-9.82,12,13.001019,False
-10.03,23,13.023082,False
-10.07,17,13.040157,False
-10.24,9,13.04972,False
-9.73,8,13.058225,False
-10.24,14,13.070255,False
-10.28,8,13.077435,False
-10.03,18,13.095363,False
-9.92,12,13.108103,False
-9.74,9,13.117666,False
-10.08,13,13.130759,False
-9.9,5,13.136265,False
-9.9,5,13.140769,False
-9.9,5,13.146465,False
-9.82,12,13.159593,False
-9.92,7,13.167119,False
-9.98,8,13.175122,False
-9.87,7,13.181634,False
-10.38,18,13.197353,False
-9.67,7,13.202875,False
-10.17,12,13.213204,False
-10.3,10,13.221725,False
-10.12,12,13.231554,False
-9.86,11,13.240122,False
-10.25,15,13.25142,False
-8.75,10,13.25842,False
-10.16,6,13.264145,False
-9.93,18,13.27812,False
-9.28,18,13.292146,False
-9.7,15,13.302915,False
-9.79,9,13.310153,False
-10.04,9,13.316669,False
-10.13,18,13.330408,False
-10.01,16,13.341959,False
-10.18,13,13.352714,False
-9.78,13,13.362464,False
-10.1,10,13.369989,False
-9.98,8,13.376714,False
-9.45,10,13.383642,False
-10.11,11,13.392527,False
-9.76,11,13.400888,False
-9.9,15,13.412777,False
-9.99,14,13.423302,False
-10.0,15,13.434754,False
-10.28,13,13.445638,False
-10.06,11,13.453687,False
-9.64,14,13.464597,False
-8.97,17,13.477351,False
-9.89,4,13.480878,False
-9.67,7,13.485877,False
-10.16,11,13.494616,False
-9.83,3,13.496616,False
-9.65,15,13.508169,False
-10.09,19,13.522996,False
-10.09,9,13.529464,False
-10.04,9,13.535764,False
-9.21,21,13.552289,False
-9.83,3,13.554812,False
-10.04,19,13.56848,False
-9.99,9,13.575004,False
-9.7,15,13.586761,False
-10.13,13,13.597582,False
-10.04,9,13.603586,False
-9.62,7,13.610559,False
-10.21,21,13.625078,False
-10.11,11,14.619744,False
-10.17,12,14.629942,False
-9.91,6,14.634931,False
-9.69,9,14.641973,False
-9.16,21,14.658297,False
-9.67,7,14.66381,False
-9.43,8,14.66933,False
-9.83,3,14.672331,False
-9.67,17,14.684859,False
-10.19,14,14.696373,False
-10.04,9,14.704894,False
-10.1,10,14.712933,False
-9.24,14,14.723472,False
-9.84,4,14.727323,False
-9.84,14,14.736843,False
-9.45,20,14.752792,False
-9.98,18,14.766074,False
-10.04,9,14.773596,False
-10.29,9,14.779656,False
-9.97,7,14.786186,False
-9.98,8,14.791698,False
-10.05,10,14.799136,False
-10.06,16,15.172658,False
-10.4,10,15.182694,False
-9.67,17,15.199366,False
-9.93,8,15.207367,False
-9.9,5,15.212301,False
-9.13,13,15.223991,False
-9.77,2,15.2256,False
-9.85,5,15.231122,False
-9.89,4,15.235122,False
-9.97,7,15.242312,False
-9.99,14,15.257476,False
-9.98,8,15.264522,False
-10.25,15,15.2797,False
-0.9,80,15.350337,False
-9.63,13,15.364603,False
-10.29,14,15.375727,False
-10.02,22,15.393748,False
-9.96,6,15.398265,False
-9.87,12,15.407535,False
-9.97,7,15.412798,False
-10.15,10,15.420321,False
-10.65,25,15.439876,False
-9.97,7,15.444812,False
-9.69,9,15.451324,False
-9.88,13,15.461684,False
-9.9,5,15.465205,False
-9.73,8,15.471735,False
-10.18,13,15.481486,False
-9.55,15,15.493251,False
-9.8,10,15.500249,False
-10.03,8,15.506774,False
-9.86,16,15.51867,False
9.99,11,15.527422,True
-10.03,8,15.532941,False
-10.04,9,15.539946,False
-9.87,12,15.549176,False
-10.3,15,15.560409,False
-10.03,8,15.566921,False
-10.17,12,15.575695,False
-0.85,80,15.635085,False
-10.01,11,15.644098,False
-10.27,17,15.656615,False
-9.7,15,15.668492,False
-9.9,5,15.672839,False
-10.27,7,15.678239,False
-9.9,5,15.681763,False
-9.91,16,15.693523,False
-9.88,13,15.704044,False
-10.13,13,15.713842,False
-9.27,22,15.730581,False
-9.98,8,15.737103,False
-10.31,16,15.749489,False
-10.1,10,15.757009,False
-10.22,12,15.765774,False
-10.19,4,15.769767,False
-9.92,7,15.774767,False
-10.07,17,15.788306,False
-9.55,15,15.799566,False
-9.97,7,15.805089,False
-10.03,8,15.810308,False
-9.75,10,15.817818,False
-10.18,13,15.828605,False
-10.31,16,15.840131,False
-9.97,7,15.845656,False
-10.13,3,15.847655,False
-10.08,3,15.850655,False
-10.07,12,15.85955,False
-9.95,5,15.863547,False
-10.11,11,15.872577,False
-9.95,15,15.884387,False
-9.82,12,15.893135,False
-9.61,16,15.906163,False
-9.91,6,15.910431,False
-9.8,10,15.917954,False
-10.17,12,15.927049,False
-8.96,16,15.939562,False
-10.25,15,15.951595,False
-10.19,14,15.961977,False
-10.16,11,15.970511,False
-8.83,13,15.98036,False
-10.19,4,15.983359,False
-8.9,15,16.359456,False
-10.03,8,16.367961,False
-9.94,14,16.381923,False
-10.07,12,16.393063,False
-9.86,6,16.398584,False
-10.09,9,16.408688,False
-9.69,9,16.41979,False
-9.95,15,16.441812,False
-10.15,15,16.456871,False
-10.29,14,16.471413,False
-10.31,16,16.486318,False
-9.64,14,16.50183,False
-9.82,12,16.514183,False
-10.06,11,16.526119,False
-9.94,14,16.539652,False
-9.55,5,16.54565,False
-9.99,9,16.554175,False
-9.65,15,16.567154,False
-9.75,10,16.57513,False
-9.98,8,16.581153,False
-10.01,16,16.593745,False
-9.46,11,16.601975,False
-9.99,19,16.616189,False
-8.96,16,16.627489,False
-9.69,9,16.634489,False
-10.4,10,16.642437,False
-9.8,10,16.650634,False
-9.7,15,16.661602,False
-10.03,18,16.676812,False
-9.18,23,16.693847,False
-10.02,17,16.707357,False
-9.25,10,16.715658,False
-9.21,16,16.72763,False
-9.88,13,16.738152,False
-10.34,9,16.74611,False
-10.07,17,16.759542,False
-9.76,16,16.77107,False
-9.66,16,16.783986,False
-9.81,11,16.791986,False
-9.96,6,16.796993,False
-10.12,12,16.805505,False
-9.98,8,16.812734,False
-10.11,11,16.821792,False
-9.61,6,16.826293,False
-10.17,12,16.835811,False
-10.17,12,16.845586,False
-10.06,11,16.854105,False
-9.05,10,16.861907,False
-9.78,3,16.863894,False
-9.99,14,16.874586,False
-9.93,13,16.88535,False
-9.73,8,16.891951,False
-9.86,11,16.900467,False
-9.88,13,16.910217,False
-10.58,13,16.919741,False
-10.17,12,16.92895,False
-9.84,4,16.931474,False
-10.15,10,16.939996,False
-10.03,8,16.94622,False
-10.19,9,16.953993,False
-10.1,10,16.961521,False
-8.88,13,16.971038,False
-10.3,15,16.981784,False
-10.1,10,16.989784,False
-9.98,8,16.995506,False
-10.43,18,17.009032,False
-10.17,12,17.018756,False
-10.18,13,17.028541,False
-9.64,14,17.040067,False
-9.74,9,17.045832,False
-9.96,11,17.054877,False
-9.67,7,17.060133,False
-10.04,19,17.074347,False
-9.97,7,17.079611,False
-9.56,11,17.088138,False
-10.32,17,17.100567,False
-9.29,19,17.115093,False
-10.05,10,17.122617,False
-10.63,18,17.136457,False
-9.21,16,17.149262,False
-9.73,8,17.154931,False
-9.87,7,17.16065,False
-10.25,15,17.172168,False
-9.88,13,17.181941,False
-9.87,12,17.191408,False
-10.45,20,17.584571,False
-9.07,17,17.602145,False
-10.04,9,17.611355,False
-10.06,16,17.627625,False
-9.87,12,17.637142,False
-10.32,17,17.653002,False
-9.95,5,17.657902,False
-9.85,10,17.667839,False
-9.88,13,17.682653,False
-9.91,6,17.68865,False
-9.75,10,17.700025,False
-9.06,11,17.711644,False
-10.02,17,17.726828,False
-9.64,14,17.740332,False
-9.88,13,17.753018,False
-9.89,14,17.765874,False
-10.0,15,17.779415,False
-9.92,7,17.78514,False
-9.84,4,17.788067,False
-9.72,17,17.802897,False
-9.98,8,17.810127,False
-9.81,11,17.818651,False
-9.99,14,17.829976,False
-10.02,17,17.842809,False
-10.2,15,17.85433,False
-9.74,9,17.861072,False
-11.02,32,17.886381,False
-10.26,16,17.899786,False
-9.84,4,17.902297,False
-9.83,3,17.904311,False
-9.98,8,17.910696,False
-10.03,8,17.917219,False
-10.02,17,17.929759,False
-10.02,7,17.934939,False
-9.74,9,17.942949,False
-10.05,10,17.949457,False
-10.43,18,17.963553,False
-9.81,11,17.972076,False
-9.56,11,17.980511,False
-9.98,23,17.998811,False
-9.84,4,18.001816,False
-10.07,17,18.014575,False
-10.86,26,18.034841,False
-10.01,16,18.047695,False
-9.97,7,18.052733,False
-10.2,15,18.063902,False
-9.99,9,18.070959,False
-9.48,23,18.087504,False
-10.06,16,18.099814,False
-9.98,8,18.105336,False
-10.13,13,18.115622,False
-9.55,10,18.123146,False
-9.78,3,18.125145,False
-9.74,9,18.131939,False
-9.29,19,18.146274,False
-9.27,17,18.159006,False
-10.11,16,18.170776,False
-10.0,15,18.182519,False
-10.0,15,18.194828,False
-10.12,12,18.204338,False
-10.11,11,18.21282,False
-9.72,12,18.22271,False
-8.88,13,18.232574,False
-9.96,16,18.24454,False
-8.52,12,18.254098,False
-10.03,18,18.268538,False
-10.12,17,18.281442,False
-10.39,9,18.28895,False
-10.4,10,18.29641,False
-10.08,18,18.310287,False
-9.95,5,18.314281,False
-10.11,21,18.330778,False
-10.25,15,18.341651,False
-10.03,8,18.347669,False
-9.02,17,18.361115,False
-9.96,6,18.365636,False
-10.04,9,18.372142,False
-10.26,16,18.385108,False
-10.0,15,18.396945,False
-8.71,16,18.408908,False
-9.8,10,18.793567,False
-9.94,14,18.806083,False
-9.88,13,18.818602,False
-8.99,19,18.837141,False
-9.74,9,18.846141,False
-10.34,19,18.862273,False
-10.16,11,18.872287,False
-9.97,7,18.880328,False
-9.97,22,18.901312,False
-10.72,27,18.926479,False
-9.72,17,18.942896,False
-10.21,21,18.964879,False
-10.07,17,18.981257,False
-10.06,11,18.990773,False
-9.83,13,19.002925,False
-9.12,12,19.013448,False
-9.89,14,19.023967,False
-9.62,12,19.033427,False
-10.19,14,19.044438,False
-9.23,23,19.062793,False
-10.19,14,19.073733,False
-10.24,14,19.084654,False
-10.26,6,19.089654,False
-9.89,14,19.100563,False
-9.63,13,19.111066,False
-9.76,11,19.119297,False
-10.28,8,19.126096,False
-10.03,18,19.140125,False
-9.92,7,19.145181,False
-9.86,11,19.153251,False
-10.47,22,19.171082,False
-9.91,11,19.179115,False
-10.26,6,19.184114,False
-9.71,11,19.192075,False
-9.85,5,19.196607,False
-10.02,17,19.209517,False
-9.27,17,19.222564,False
-9.11,11,19.231746,False
-10.1,10,19.240529,False
-9.85,10,19.247913,False
-10.02,17,19.261936,False
-10.05,15,19.273444,False
-9.74,29,19.295794,False
-9.81,11,19.304306,False
-10.17,12,19.31344,False
-10.46,21,19.330774,False
-10.16,21,19.346692,False
-9.89,14,19.356716,False
-10.05,15,19.368864,False
-10.03,18,19.382192,False
-10.32,17,19.396126,False
-10.08,18,19.410703,False
-8.61,16,19.423223,False
-9.94,14,19.434222,False
-9.88,13,19.444293,False
-9.87,12,19.452817,False
-10.03,18,19.46769,False
-10.12,17,19.48093,False
-9.84,19,19.496195,False
-10.02,2,19.497195,False
-10.0,15,19.509096,False
-9.95,15,19.520097,False
-9.85,5,19.52411,False
-10.17,12,19.533413,False
-10.09,9,19.540929,False
-9.51,11,19.54946,False
-10.17,12,19.557987,False
-9.08,18,19.571304,False
-9.09,19,19.585503,False
-10.78,28,19.608035,False
-9.95,15,19.61977,False
-9.68,8,20.009055,False
-10.22,7,20.015661,False
-9.74,9,20.024748,False
-9.23,23,20.048893,False
-10.32,17,20.066081,False
-10.27,22,20.086595,False
-9.83,13,20.100282,False
-10.03,8,20.109307,False
-10.11,11,20.120926,False
-9.8,10,20.130415,False
-10.42,12,20.140518,False
-10.12,12,20.15362,False
-10.65,45,20.199206,False
-9.9,15,20.212665,False
-9.96,6,20.217341,False
-10.17,12,20.227626,False
-9.95,15,20.239376,False
-9.7,10,20.247224,False
-9.06,21,20.262974,False
-9.85,5,20.267175,False
-9.25,15,20.278708,False
-9.73,8,20.284707,False
-1.2,80,20.342709,False
-9.95,15,20.354228,False
-10.03,8,20.360458,False
-9.69,9,20.367464,False
-10.19,14,20.378274,False
-9.86,11,20.385796,False
-10.12,12,20.394698,False
-8.61,16,20.407218,False
-10.47,12,20.416034,False
-9.32,17,20.42879,False
-10.09,9,20.435318,False
-10.27,17,20.449721,False
-10.14,4,20.453231,False
-10.22,12,20.462076,False
-10.04,9,20.469664,False
-9.61,16,20.482588,False
-9.8,10,20.490113,False
-9.88,13,20.499926,False
-9.93,8,20.506448,False
-10.14,4,20.508775,False
-9.95,15,20.52132,False
-9.85,10,20.528298,False
-9.94,9,20.535298,False
-10.11,11,20.544068,False
-10.03,8,20.550589,False
-9.88,13,20.560935,False
-10.04,9,21.45721,False
-9.92,7,21.462558,False
-9.95,15,21.476365,False
-9.98,8,21.483429,False
-9.75,10,21.491453,False
-10.04,4,21.494458,False
-8.89,14,21.50598,False
-9.18,13,21.515861,False
-9.01,16,21.52817,False
-9.89,14,21.540692,False
-10.05,10,21.548095,False
-10.03,8,21.554606,False
-9.63,13,21.563925,False
-9.86,11,21.572443,False
-9.17,27,21.593715,False
-9.07,17,21.606244,False
-10.14,14,21.617088,False
-10.16,11,21.625903,False
-9.92,7,21.630892,False
-10.07,17,21.644708,False
-9.87,12,21.654219,False
-10.43,28,21.676352,False
-9.73,28,21.69716,False
-8.83,13,21.707666,False
-9.74,9,21.714492,False
-10.0,15,21.726306,False
-9.02,17,22.112687,False
-8.75,10,22.123362,False
-10.14,14,22.135962,False
-9.79,14,22.150613,False
-10.14,19,22.170717,False
-11.61,56,22.225393,False
-10.07,17,22.242434,False
-8.71,16,22.258547,False
-10.1,10,22.267086,False
-10.04,9,22.27616,False
-8.82,12,22.287662,False
-10.12,12,22.301129,False
-9.62,12,22.313206,False
-9.8,10,22.320716,False
-9.65,15,22.333914,False
-10.36,26,22.353322,False
-9.8,10,22.361556,False
-9.93,13,22.371603,False
-9.83,13,22.381397,False
-10.11,46,22.415976,False
-10.3,15,22.426711,False
-9.67,7,22.432706,False
-10.38,18,22.447057,False
-9.75,10,22.455062,False
-9.72,17,22.468521,False
-10.1,10,22.475764,False
-10.08,18,22.489807,False
-9.95,10,22.497195,False
-9.97,7,22.504109,False
-9.84,14,22.5153,False
-9.88,13,22.525567,False
-10.24,29,22.549088,False
-10.22,12,22.557611,False
-9.76,16,22.571897,False
-10.35,15,22.583708,False
-8.93,8,22.589228,False
-9.86,6,22.594955,False
-10.05,15,22.605474,False
-9.45,10,22.613484,False
-10.2,5,22.617494,False
-10.34,9,22.625006,False
-9.91,6,22.629552,False
-10.16,11,22.638073,False
-9.85,5,22.641079,False
-9.91,6,22.645969,False
-10.14,14,22.657482,False
-9.99,19,22.671859,False
-10.19,14,22.682567,False
-9.65,15,22.694191,False
-10.68,33,22.721201,False
-9.96,6,22.726202,False
-9.92,12,22.734714,False
-9.76,11,22.743749,False
-9.4,35,22.771356,False
-9.73,8,22.77799,False
-10.37,17,22.790676,False
-9.09,14,22.802043,False
-10.21,11,22.810155,False
-9.88,13,22.820746,False
-10.07,17,22.834239,False
-9.85,5,22.838239,False
-10.06,16,22.851161,False
-9.86,11,22.859048,False
-10.18,13,22.868569,False
-10.24,14,22.880445,False
-10.11,11,22.887989,False
-8.74,9,22.89578,False
-9.57,12,22.905281,False
-9.69,9,22.912661,False
-10.2,15,22.92388,False
-10.43,18,22.936922,False
-10.37,17,22.951684,False
-9.75,10,23.326729,False
-9.49,9,23.336233,False
-10.13,18,23.35582,False
-10.02,17,23.373987,False
-8.58,13,23.387993,False
-10.28,13,23.398708,False
-9.8,10,23.408876,False
-9.7,15,23.425399,False
-10.11,11,23.436575,False
-9.97,17,23.452572,False
-10.02,7,23.458494,False
-9.97,7,23.464522,False
-10.25,15,23.478644,False
-8.85,15,23.494215,False
-10.43,28,23.521933,False
-9.88,13,23.533656,False
-10.05,10,23.542853,False
-9.51,11,23.551408,False
-9.09,19,23.566657,False
-10.22,12,23.576566,False
-10.1,10,23.584118,False
-9.83,13,23.594055,False
-9.11,11,23.602563,False
-9.08,18,23.61646,False
-10.53,13,23.62667,False
-9.8,10,23.635183,False
-10.1,20,23.650628,False
-9.22,17,23.664553,False
-10.08,18,23.678033,False
-9.81,11,23.687775,False
-9.4,20,23.703329,False
-10.4,20,23.718137,False
-9.83,3,23.720133,False
-9.85,5,23.724133,False
-9.85,10,23.731582,False
-9.37,27,23.752031,False
-9.98,8,23.759362,False
-9.99,14,23.770081,False
-9.76,11,23.778511,False
-9.46,11,23.787711,False
-9.87,12,23.797228,False
-10.01,16,23.809216,False
-9.75,10,23.81743,False
-10.26,21,23.832974,False
-9.99,9,23.839974,False
-9.94,14,23.851099,False
-9.91,6,23.855621,False
-10.23,13,23.865385,False
-10.15,5,23.869385,False
-9.03,18,23.883328,False
-9.69,14,23.893872,False
-9.67,7,23.89996,False
-10.19,14,23.911049,False
-10.02,17,23.923162,False
-10.32,17,23.936472,False
-10.51,21,23.954288,False
-9.91,6,23.958641,False
-10.26,16,23.971131,False
-10.17,12,23.980869,False
-10.01,11,23.988868,False
-11.53,53,24.029103,False
-9.44,9,24.035619,False
-9.69,14,24.046973,False
-10.39,19,24.060937,False
-10.96,71,24.113609,False
-9.76,16,24.125938,False
-10.37,17,24.138999,False
-10.01,11,24.147747,False
-9.18,13,24.15727,False
-9.7,15,24.558736,False
-9.8,10,24.568262,False
-10.88,38,24.608218,False
-10.55,15,24.623912,False
-9.9,5,24.629102,False
-10.27,7,24.635103,False
-10.09,9,24.643191,False
-10.04,9,24.651549,False
-10.07,17,24.66877,False
-9.43,28,24.696586,False
-10.1,10,24.706595,False
-10.25,20,24.727404,False
-9.69,9,24.737914,False
-9.63,13,24.751561,False
-10.19,14,24.763359,False
-9.84,4,24.767374,False
-10.27,7,24.772901,False
-10.15,15,24.784948,False
-9.96,16,24.79779,False
-10.07,12,24.806833,False
-9.99,14,24.817789,False
-9.23,23,24.835866,False
-9.16,21,24.852392,False
-8.96,16,24.86491,False
-10.34,9,24.871436,False
-9.93,13,24.8822,False
-10.44,19,24.897647,False
-9.2,20,24.911946,False
-9.84,24,24.931267,False
-9.09,19,24.945809,False
-10.83,38,24.974378,False
-10.22,22,24.992502,False
-9.05,20,25.009005,False
-9.8,10,25.016526,False
-9.73,8,25.023043,False
-9.92,12,25.031515,False
-9.51,21,25.048332,False
-9.51,11,25.056866,False
-10.54,29,25.079197,False
-9.84,4,25.083191,False
-10.27,7,25.087706,False
-10.53,23,25.106547,False
-9.51,31,25.129568,False
-10.14,4,25.132568,False
-10.1,10,25.140093,False
-9.77,17,25.153055,False
-9.07,12,25.162657,False
-9.81,11,25.170182,False
-8.89,14,25.18114,False
-9.89,14,25.191577,False
-9.92,22,25.20803,False
-10.17,12,25.217698,False
-9.7,10,25.225172,False
-10.3,15,25.236718,False
-9.87,12,25.246349,False
-10.19,14,25.256865,False
-10.5,55,25.298319,False
-8.99,24,25.3158,False
-9.9,5,25.319799,False
-10.13,18,25.333751,False
-9.36,11,25.342483,False
-9.68,28,25.363818,False
-9.05,10,25.372333,False
-9.88,13,25.382868,False
-9.86,11,25.391467,False
-9.93,13,25.771713,False
-10.11,11,25.781219,False
-10.08,18,25.79751,False
-9.8,5,25.802509,False
-10.17,12,25.815666,False
-10.31,16,25.831177,False
-10.06,11,25.842123,False
-8.67,17,25.859614,False
-10.21,6,25.865613,False
-10.03,8,25.874118,False
-10.46,21,25.893851,False
-10.25,15,25.909864,False
-9.82,12,25.923372,False
-8.96,16,25.937213,False
-9.85,10,25.94675,False
-9.98,8,25.955467,False
-10.25,50,25.998485,False
-8.48,13,26.009642,False
-10.26,16,26.022166,False
-9.68,8,26.027951,False
-10.06,16,26.040478,False
-10.04,14,26.051229,False
-10.22,12,26.059967,False
-10.16,11,26.068482,False
-9.17,12,26.077206,False
-9.31,16,26.089265,False
-10.58,23,26.107046,False
-9.75,10,26.115801,False
-9.74,9,26.121843,False
-10.29,14,26.133194,False
-9.87,12,26.14182,False
-10.65,25,26.161335,False
-9.79,29,26.183596,False
-9.97,7,26.189106,False
-10.11,11,26.197346,False
-9.73,8,26.202857,False
-9.98,38,26.231492,False
-9.77,12,26.241016,False
-9.53,13,26.250876,False
-9.93,13,26.260674,False
-10.14,19,26.2752,False
-9.97,7,26.280937,False
-9.74,9,26.28745,False
-10.47,12,26.296413,False
-9.98,13,26.305938,False
-9.89,4,26.308856,False
-9.9,5,26.312401,False
-10.46,21,26.329462,False
-9.86,11,26.337475,False
-10.21,6,26.342452,False
-10.68,23,26.360239,False
-9.86,11,26.367762,False
-10.02,7,26.373286,False
-9.78,13,26.383232,False
-9.79,14,26.39469,False
-9.45,30,26.417587,False
-10.06,16,26.430464,False
-9.95,15,26.441978,False
-9.86,11,26.451193,False
-10.01,16,26.464103,False
-9.74,9,26.471629,False
-9.24,24,26.490484,False
-10.01,16,26.503061,False
-9.31,16,26.515554,False
-10.12,12,26.525336,False
-9.15,20,26.540553,False
-10.22,7,26.54591,False
-1.0,80,26.979553,False
-9.72,7,26.987056,False
-10.3,25,27.014438,False
-9.86,11,27.024943,False
-10.67,32,27.05765,False
-9.12,22,27.080537,False
-8.6,15,27.094862,False
-9.98,8,27.101365,False
-9.95,15,27.116877,False
-10.08,18,27.135422,False
-9.1,20,27.154662,False
-9.64,14,27.166876,False
-11.61,56,27.213721,False
-10.11,51,27.25083,False
-10.52,62,27.296439,False
-10.24,24,27.313924,False
-9.5,55,27.353977,False
-10.01,16,27.365709,False
-9.88,13,27.376433,False
-9.86,11,27.384958,False
-9.91,6,27.389957,False
-10.14,19,27.403709,False
-10.21,16,27.421554,False
-9.79,9,27.428901,False
-10.14,4,27.431897,False
-10.05,10,28.415174,False
-9.97,7,28.421221,False
-10.27,7,28.426828,False
-9.97,7,28.432343,False
-9.52,12,28.442862,False
-9.87,12,28.452395,False
-9.99,9,28.459909,False
-10.01,16,28.471449,False
-10.36,16,28.483325,False
-8.9,15,28.495579,False
-8.6,15,28.507621,False
-10.72,27,28.52879,False
-9.94,14,28.539313,False
-10.46,21,28.556271,False
-10.26,16,28.567887,False
-9.64,14,28.578877,False
-9.03,18,28.593775,False
-10.0,10,28.601323,False
-10.45,20,28.615281,False
-10.54,14,28.626207,False
-9.19,24,28.645787,False
-10.12,12,28.654304,False
-10.4,20,28.669781,False
-10.26,21,28.685757,False
-9.85,40,28.716394,False
-9.97,7,28.721429,False
-8.82,12,28.73088,False
-10.0,15,28.741824,False
-10.91,31,28.764846,False
-10.19,14,28.776654,False
-9.61,6,28.785878,False
-10.11,11,29.185251,False
-10.33,8,29.193291,False
-9.99,9,29.203302,False
-11.0,50,29.253286,False
-10.43,38,29.29064,False
-9.94,14,29.304682,False
-10.32,7,29.311327,False
-10.34,34,29.347106,False
-9.71,11,29.359071,False
-9.98,8,29.36958,False
-9.77,2,29.371581,False
-9.95,15,29.387253,False
-10.11,11,29.395985,False
-9.73,8,29.402009,False
-10.37,17,29.415834,False
-9.86,11,29.423161,False
-10.34,24,29.442359,False
-9.8,10,29.450917,False
-9.76,21,29.46689,False
-10.42,12,29.477574,False
-10.09,19,29.491692,False
-10.07,12,29.500986,False
-10.57,22,29.516488,False
-10.36,16,29.528901,False
-0.9,80,29.585305,False
-9.79,9,29.593641,False
-10.45,30,29.61709,False
-9.21,21,29.632705,False
-9.93,13,29.643345,False
-9.65,25,29.661779,False
-10.11,11,29.670303,False
-11.3,75,29.726848,False
-10.02,17,29.739387,False
-9.86,11,29.749031,False
-0.9,80,29.805295,False
-9.88,13,29.816081,False
-10.08,18,29.830365,False
-10.22,12,29.839877,False
-10.7,25,29.858906,False
-9.92,12,29.868422,False
-10.13,18,29.882198,False
-10.35,25,29.900809,False
-9.67,17,29.914751,False
-10.05,10,29.92179,False
-10.06,16,29.933669,False
-9.97,7,29.939169,False
-9.24,24,29.958094,False
-9.05,20,29.972832,False
-10.88,38,30.000548,False
-3.5,80,30.452774,False
-10.17,12,30.463828,False
-9.62,17,30.480505,False
-10.04,9,30.489507,False
-10.0,15,30.507042,False
-9.03,18,30.524351,False
-10.66,36,30.561406,False
-8.59,14,30.574193,False
-10.05,10,30.582661,False
-10.3,50,30.625469,False
-10.61,26,30.645273,False
-9.82,12,30.654789,False
-10.02,17,30.668948,False
-10.36,21,30.684704,False
-10.11,11,30.69406,False
-10.73,28,30.716785,False
-10.08,13,30.72677,False
-0.8,80,30.78376,False
-9.76,11,30.792023,False
-9.51,11,30.800447,False
-9.63,8,30.807034,False
-3.5,80,30.870158,False
-9.73,18,30.883337,False
-10.23,13,30.894047,False
-9.94,14,30.904559,False
-10.23,8,30.911587,False
-10.45,20,30.92753,False
-9.52,12,30.936112,False
-10.19,14,30.94748,False
-1.05,80,31.005648,False
-12.0,65,31.053639,False
-10.28,23,31.071102,False
-9.87,12,31.080845,False
-9.77,12,31.089368,False
-3.55,80,31.150295,False
-10.22,22,31.166679,False
-9.92,7,31.172185,False
-10.15,20,31.18696,False
-9.95,15,31.199466,False
-10.23,13,31.210039,False
-9.91,21,31.604157,False
-10.12,12,31.616903,False
-9.75,10,31.628012,False
-10.42,12,31.641668,False
-10.04,9,31.651686,False
-10.0,10,31.662206,False
-3.45,80,31.748125,False
-8.45,10,31.758118,False
-9.81,11,31.768638,False
-10.34,24,31.78977,False
-3.55,80,31.852683,False
-9.9,15,31.864642,False
-9.91,6,31.869642,False
-10.67,27,31.890141,False
-10.35,10,31.898094,False
-10.32,7,31.903619,False
-10.11,11,31.91158,False
-9.61,16,31.924655,False
-10.02,17,31.937129,False
-9.22,22,31.955004,False
-2.4,80,32.013412,False
-11.13,53,32.054718,False
-9.72,17,32.067511,False
-9.09,19,32.081594,False
-9.81,11,32.090117,False
-3.5,80,32.150774,False
-9.12,17,32.163666,False
-9.46,21,32.179312,False
-11.23,48,32.215115,False
-9.95,15,32.226871,False
-10.29,24,32.245316,False
-9.26,16,32.257841,False
-9.98,18,32.27088,False
-10.41,11,32.279392,False
-0.95,80,32.337504,False
-9.5,10,32.346207,False
-10.34,9,32.353202,False
-10.55,25,32.372552,False
-9.83,18,32.385951,False
-10.6,25,32.404744,False
-10.16,21,32.421551,False
-10.4,20,32.821115,False
-10.13,3,32.824641,False
-9.29,24,32.84896,False
-9.86,11,32.86017,False
-10.05,25,32.88632,False
-2.25,80,32.967731,False
-9.79,9,32.976241,False
-12.26,76,33.046871,False
-11.55,60,33.092847,False
-10.89,24,33.111621,False
-9.75,10,33.119665,False
-10.34,9,33.126426,False
-3.5,80,33.187051,False
-10.28,58,33.230238,False
-11.07,52,33.268886,False
-3.35,80,33.330807,False
-9.97,7,33.336329,False
-10.09,4,33.33985,False
-8.93,23,33.355906,False
-10.2,20,33.372418,False
-9.92,12,33.38115,False
-9.37,17,33.392932,False
-2.4,80,33.452025,False
-8.59,14,33.462037,False
-9.92,7,33.46703,False
-3.45,80,33.527387,False
-9.55,25,33.547398,False
-10.4,25,33.565653,False
-10.01,16,33.578534,False
-10.51,21,33.59439,False
-9.78,18,33.608291,False
-3.4,80,34.049803,False
-9.86,11,34.061009,False
-10.15,20,34.082303,False
-3.6,80,34.164221,False
-9.88,13,34.176423,False
-10.58,23,34.196098,False
-3.55,80,34.258883,False
-10.4,25,34.278387,False
-10.17,12,34.28691,False
-10.15,5,34.291418,False
-9.38,18,34.304472,False
-10.37,17,34.31644,False
-10.16,56,34.358638,False
-10.68,68,38.639786,False
-10.26,21,38.657573,False
-2.35,80,38.719615,False
-9.92,12,38.728564,False
-10.23,23,38.746367,False
-10.73,28,38.768165,False
-10.03,18,38.781407,False
-10.39,19,38.79629,False
-2.3,80,38.854573,False
-2.3,80,38.914197,False
-9.98,18,38.928236,False
-3.5,80,38.991049,False
-10.35,20,39.006125,False
-10.04,19,39.021044,False
-10.43,18,39.034786,False
-10.97,72,39.489524,False
-9.69,44,39.52698,False
-2.45,80,39.607997,False
-2.45,80,39.681266,False
-3.4,80,39.743518,False
-9.79,19,39.760298,False
-9.96,16,39.774028,False
-3.4,80,39.840316,False
-9.25,25,39.860218,False
-3.4,80,39.920828,False
-10.71,26,39.940135,False
-3.3,80,40.002766,False
-10.31,11,40.011524,False
-3.4,80,40.072992,False
-9.78,8,40.078786,False
-3.3,80,40.139628,False
-10.43,18,40.15291,False
-9.35,10,40.161327,False
-10.41,21,40.17705,False
-10.39,19,40.191318,False
-9.27,17,40.205445,False
-10.25,15,40.216273,False
-9.94,14,40.226812,False
-3.45,80,40.287467,False
-1.55,80,40.737686,False
-2.75,80,40.818967,False
-10.6,25,40.845885,False
-9.89,14,40.860109,False
-9.59,14,40.873143,False
-10.19,4,40.877469,False
-2.35,80,40.939013,False
-3.35,80,41.000458,False
-10.55,25,41.019208,False
-10.17,7,41.024731,False
-10.5,20,41.040536,False
-9.88,13,41.050199,False
-2.55,80,41.110933,False
-2.4,80,41.171031,False
-3.45,80,41.231719,False
-9.96,16,41.243827,False
-9.8,10,41.25188,False
-10.2,15,41.263832,False
-9.0,10,41.271881,False
-10.2,5,41.275262,False
-2.45,80,41.333341,False
-10.18,23,41.351131,False
-10.25,25,41.369399,False
-10.78,28,41.390881,False
-2.45,80,41.448891,False
-2.2,80,41.872524,False
-2.6,80,41.957053,False
-10.14,19,41.973824,False
-2.7,80,42.051708,False
-3.7,80,42.114437,False
-9.15,15,42.125433,False
-3.45,80,42.186957,False
-3.45,80,42.248516,False
-2.35,80,42.308171,False
-3.35,80,42.374331,False
-2.35,80,42.433359,False
-3.35,80,42.494893,False
-10.09,19,42.509958,False
-7.79,14,42.520672,False
-10.23,23,42.538124,False
-3.4,80,42.597768,False
-10.29,24,42.617089,False
-2.25,80,42.676347,False
-10.34,19,43.087058,False
-3.7,80,43.166404,False
-9.83,13,43.180109,False
-1.25,80,43.253767,False
-10.3,25,43.279503,False
-2.85,80,43.340509,False
-10.24,24,43.359951,False
-2.25,80,43.419374,False
-10.18,13,43.43057,False
-2.6,80,43.490996,False
-9.98,18,43.50619,False
-9.94,19,43.521995,False
-8.85,20,43.537701,False
-8.98,18,43.551653,False
-3.6,80,43.612226,False
-2.25,80,43.671484,False
-3.35,80,43.731906,False
-10.21,6,43.73643,False
-2.2,80,43.795728,False
-10.48,23,43.814749,False
-10.6,35,43.841183,False
-10.35,20,43.855725,False
-1.35,80,44.314498,False
-10.31,16,44.3312,False
-3.35,80,44.409075,False
-10.13,3,44.41258,False
-3.55,80,44.493467,False
-2.35,80,44.558202,False
-9.38,28,48.635591,False
-10.59,24,48.655649,False
-9.75,10,48.664162,False
-9.71,16,48.677187,False
-3.25,80,48.739883,False
-3.3,80,48.800974,False
-2.3,80,48.859942,False
-2.35,80,48.918017,False
-2.7,80,48.978225,False
-10.43,28,48.999582,False
-2.35,80,49.058206,False
-2.3,80,49.115795,False
-3.95,80,49.560412,False
-3.5,80,49.635527,False
-1.25,80,49.708378,False
-10.28,18,49.72649,False
-10.49,24,49.751606,False
-3.35,80,49.818482,False
-9.92,17,49.831613,False
-2.2,80,49.88983,False
-2.7,80,49.948762,False
-2.3,80,50.010626,False
-2.55,80,50.070508,False
-10.2,5,50.074756,False
-10.72,27,50.095641,False
-10.62,37,50.124018,False
-3.3,80,50.185015,False
-3.35,80,50.246563,False
-10.55,15,50.257106,False
-3.3,80,50.319515,False
-2.65,80,50.74718,False
-2.45,80,50.827204,False
-3.25,80,50.906349,False
-3.35,80,50.979344,False
-9.39,14,50.990404,False
-10.36,26,51.011636,False
-11.85,55,51.054734,False
-10.04,19,51.069036,False
-10.11,21,51.086259,False
-3.1,80,51.148187,False
-10.14,4,51.151307,False
-11.04,29,51.173779,False
-3.4,80,51.235519,False
-8.97,17,51.248292,False
-2.35,80,51.3068,False
-10.08,3,51.309818,False
-2.4,80,51.369036,False
-3.25,80,51.429311,False
-3.25,80,51.490396,False
-3.3,80,51.55003,False
-3.4,80,51.996501,False
-2.25,80,52.073675,False
-2.45,80,52.150338,False
-10.67,27,52.174947,False
-3.7,80,52.239825,False
-10.39,24,52.259895,False
-3.3,80,52.319945,False
-2.55,80,52.379038,False
-10.35,20,52.396348,False
-9.68,8,52.402863,False
-10.66,21,52.419333,False
-2.45,80,52.48187,False
-9.09,19,52.496234,False
-10.24,19,52.511591,False
-2.65,80,52.570764,False
-3.3,80,52.63158,False
-10.77,27,52.650861,False
-2.25,80,52.710048,False
-10.67,27,52.730036,False
-10.24,9,52.736559,False
-3.6,80,53.177858,False
-3.3,80,53.252387,False
-3.35,80,53.326991,False
-10.17,17,53.344211,False
-10.5,15,53.359636,False
-10.24,24,53.380342,False
-3.75,80,53.443494,False
-2.5,80,53.503457,False
-3.25,80,53.566156,False
-10.05,10,53.574063,False
-2.85,80,53.634768,False
-3.45,80,53.695539,False
-3.75,80,53.755908,False
-3.45,80,53.816214,False
-3.35,80,53.87723,False
-2.3,80,53.936324,False
-10.68,18,53.949898,False
-11.58,53,54.363987,False
-10.22,22,54.384577,False
-8.81,11,54.394659,False
-3.5,80,54.467442,False
-10.03,8,54.474421,False
-10.62,17,54.49255,False
-10.15,5,54.498052,False
-10.33,23,54.523067,False
-3.6,80,59.007965,False
-3.6,80,59.071182,False
-2.3,80,59.132977,False
-10.1,20,59.149338,False
-10.21,6,59.153087,False
-2.6,80,59.215285,False
-2.4,80,59.276483,False
-3.4,80,59.339779,False
-10.4,20,59.35482,False
-10.22,22,59.371238,False
-9.86,21,59.387648,False
-3.45,80,59.453817,False
-3.35,80,59.517413,False
-2.5,80,59.578385,False
-9.1,20,59.594267,False
-2.4,80,60.038718,False
-2.35,80,60.117668,False
-3.4,80,60.196396,False
-3.25,80,60.263723,False
-2.1,80,60.323755,False
-10.53,23,60.342795,False
-3.4,80,60.404464,False
-10.68,23,60.423473,False
-3.45,80,60.485819,False
-9.44,24,60.505095,False
-10.13,23,60.523668,False
-3.7,80,60.585096,False
-9.9,15,60.596827,False
-2.25,80,60.655068,False
-10.35,20,60.671901,False
-10.43,13,60.681703,False
-10.79,29,60.703042,False
-10.21,16,60.716265,False
-2.45,80,60.773292,False
-9.18,13,60.78411,False
-2.55,80,61.2235,False
-10.23,58,61.278039,False
-3.85,80,61.355674,False
-8.75,10,61.366908,False
-9.18,8,61.375031,False
-3.3,80,61.440181,False
-3.3,80,61.50183,False
-9.02,12,61.511101,False
-8.99,19,61.525527,False
-3.75,80,61.587569,False
-10.64,19,61.603254,False
-10.58,23,61.621344,False
-9.35,20,61.637817,False
-3.55,80,61.699981,False
-10.47,12,61.709526,False
-3.4,80,61.770042,False
-3.7,80,61.829906,False
-12.17,77,61.885952,False
-2.85,80,61.943849,False
-3.6,80,62.006061,False
-9.89,14,62.395869,False
-2.3,80,62.46832,False
-3.35,80,62.547094,False
-2.35,80,62.615327,False
-10.66,36,62.643519,False
-9.29,19,62.657802,False
-3.35,80,62.719134,False
-10.3,15,62.731437,False
-9.47,37,62.757419,False
-10.56,26,62.777713,False
-10.05,45,62.811935,False
-10.52,22,62.828668,False
-9.54,14,62.83971,False
-2.45,80,62.898661,False
-10.46,16,62.911477,False
-10.36,51,62.950426,False
-9.56,26,62.9707,False
-10.61,26,62.991173,False
-9.53,18,63.004703,False
-10.47,22,63.022036,False
-10.03,3,63.024037,False
-2.4,80,63.084613,False
-10.65,25,63.103971,False
-3.4,80,63.164448,False
-10.67,27,63.1854,False
-2.3,80,63.627083,False
-9.64,14,63.639609,False
-1.2,80,63.714318,False
-2.5,80,63.793763,False
-1.4,80,63.855403,False
-2.1,80,63.915142,False
-10.24,24,63.934602,False
-3.45,80,63.996789,False
-3.2,80,64.060369,False
-3.4,80,64.121282,False
-3.25,80,64.181818,False
-10.66,26,64.201713,False
-9.12,22,64.218977,False
-2.55,80,64.27968,False
-11.89,79,64.339844,False
-10.5,25,64.359374,False
-3.3,80,64.808313,False
-10.66,26,64.833615,False
-10.7,25,69.430513,False
-3.45,80,69.492542,False
-10.46,11,69.502049,False
-3.4,80,69.566521,False
-2.55,80,69.628504,False
-10.49,14,69.639334,False
-10.76,46,69.674211,False
-10.54,24,69.69251,False
-11.05,45,69.727911,False
-3.2,80,69.787748,False
-10.03,18,69.801716,False
-3.7,80,69.86163,False
-2.7,80,69.925692,False
-10.43,13,69.935783,False
-9.96,16,69.947986,False
-10.21,6,69.952994,False
-3.2,80,70.013645,False
-10.41,21,70.030073,False
-10.22,17,70.04451,False
-10.31,11,70.05251,False
-3.7,80,70.113379,False
-3.4,80,70.544796,False
-2.45,80,70.623279,False
-2.35,80,70.702371,False
-9.91,51,70.751367,False
-10.37,27,70.774469,False
-3.3,80,70.835902,False
-2.35,80,70.894616,False
-10.42,22,70.911553,False
-10.44,24,70.929016,False
-11.95,70,70.984642,False
-10.56,31,71.008891,False
-10.57,27,71.029413,False
-3.35,80,71.090641,False
-9.86,51,71.127942,False
-9.9,45,71.16235,False
-10.56,71,71.213428,False
-3.5,80,71.274905,False
-8.87,22,71.291088,False
-10.22,17,71.303611,False
-3.25,80,71.73734,False
-2.5,80,71.812665,False
-10.09,4,71.817748,False
-10.32,17,71.836043,False
-10.26,21,71.858528,False
-10.63,28,71.88928,False
-10.27,32,71.922453,False
-10.09,4,71.925627,False
-3.55,80,71.989883,False
-3.25,80,72.051277,False
-2.45,80,72.10962,False
-2.25,80,72.167548,False
-2.25,80,72.226741,False
-3.2,80,72.287531,False
-10.09,19,72.302648,False
-3.5,80,72.364136,False
-2.75,80,72.423695,False
-10.4,20,72.438255,False
-3.35,80,72.500658,False
-3.35,80,72.936967,False
-3.4,80,73.010611,False
-3.3,80,73.094007,False
-3.45,80,73.16989,False
-8.99,19,73.185993,False
-10.13,13,73.195531,False
-9.09,24,73.214417,False
-10.6,25,73.235509,False
-3.25,80,73.295257,False
-9.89,14,73.30677,False
-10.85,25,73.327142,False
-9.87,12,73.336648,False
-9.55,35,73.363117,False
-10.03,18,73.377532,False
-9.27,27,73.398865,False
-9.2,25,73.4182,False
-10.48,28,73.438948,False
-10.74,44,73.472904,False
-3.35,80,73.534986,False
-2.2,80,73.595335,False
-2.1,80,73.653842,False
-10.33,63,73.701327,False
-2.45,80,73.761676,False
-9.63,8,74.139594,False
-3.25,80,74.217049,False
-2.45,80,74.302867,False
-10.1,5,74.308054,False
-2.1,80,74.380742,False
-9.51,26,74.402146,False
-3.25,80,74.462074,False
-2.1,80,74.522478,False
-11.04,44,74.555726,False
-10.15,20,74.57127,False
-3.35,80,74.631498,False
-10.39,19,74.646597,False
-2.6,80,74.705995,False
-9.95,15,74.717482,False
-2.25,80,74.777484,False
-3.6,80,74.839074,False
-10.41,61,74.884367,False
-10.66,51,74.921317,False
-11.15,60,79.108785,False
-2.3,80,79.554583,False
-3.2,80,79.638384,False
-9.64,9,79.648495,False
-11.45,65,79.711503,False
-2.25,80,79.77353,False
-3.15,80,79.834294,False
-10.4,30,79.857758,False
-3.25,80,79.917025,False
-9.11,21,79.933454,False
-10.03,48,79.970708,False
-3.3,80,80.030679,False
-9.39,29,80.053523,False
-10.22,7,80.058746,False
-10.51,26,80.079016,False
-2.15,80,80.139721,False
-2.25,80,80.197408,False
-9.38,23,80.216872,False
-1.45,80,80.273483,False
-9.98,18,80.28765,False
-10.19,24,80.305639,False
-11.15,50,80.737271,False
-10.29,24,80.763721,False
-10.3,25,80.789168,False
-10.02,12,80.799266,False
-0.85,80,80.878355,False
-9.97,57,80.928721,False
-9.52,32,80.955043,False
-9.85,20,80.970078,False
-10.13,8,80.976029,False
-2.0,80,81.037279,False
-2.05,80,81.097924,False
-10.42,22,81.114908,False
-9.87,12,81.123898,False
-9.88,13,81.133401,False
-10.55,25,81.153892,False
-3.4,80,81.21541,False
-10.61,71,81.267861,False
-3.3,80,81.328674,False
-3.5,80,81.391097,False
-9.58,38,81.421156,False
-10.56,26,81.44072,False
-8.74,14,81.452167,False
-9.09,14,81.464064,False
-9.91,51,81.503093,False
-11.62,72,81.947402,False
-10.79,29,81.975198,False
-10.34,19,81.995817,False
-9.9,5,82.000323,False
-3.2,80,82.080512,False
-9.73,23,82.104035,False
-10.81,41,82.140887,False
-10.5,50,82.183514,False
-2.35,80,82.241656,False
-10.35,35,82.267929,False
-3.2,80,82.329209,False
-10.33,33,82.353467,False
-10.47,22,82.374167,False
-3.25,80,82.435632,False
-10.13,3,82.437632,False
-10.43,13,82.447359,False
-9.84,54,82.488089,False
-10.39,19,82.503145,False
-10.13,3,82.505147,False
-10.03,18,82.519579,False
-9.4,20,82.535466,False
-10.6,25,82.554761,False
-10.6,25,82.574027,False
-9.69,9,82.580042,False
-9.53,13,82.590812,False
-2.25,80,82.651494,False
-11.08,53,82.69181,False
-10.31,21,82.707665,False
-10.5,25,82.729018,False
-10.88,48,83.163924,False
-8.91,16,83.181518,False
-10.94,29,83.212723,False
-10.11,21,83.234779,False
-9.67,47,83.282404,False
-10.63,43,83.325291,False
-9.26,26,83.3519,False
-9.43,33,83.379895,False
-3.45,80,83.445919,False
-9.82,42,83.478393,False
-9.11,21,83.494905,False
-11.19,49,83.532698,False
-10.99,29,83.555606,False
-10.61,26,83.575199,False
-9.23,18,83.589905,False
-9.12,22,83.607424,False
-9.48,28,83.629099,False
-10.32,52,83.667101,False
-10.02,47,83.703597,False
-10.17,22,83.721092,False
-8.97,27,83.742016,False
-10.13,3,83.74402,False
-9.41,36,83.771367,False
-9.95,45,83.804314,False
-10.41,21,83.819778,False
-9.91,36,83.847124,False
-10.38,68,83.896554,False
-10.23,18,83.910013,False
-9.43,23,83.92645,False
-9.9,50,83.963786,False
-9.07,12,83.972709,False
-10.28,23,84.360598,False
-9.4,30,84.392318,False
-11.91,76,84.464829,False
-9.92,52,84.511278,False
-10.55,25,84.534931,False
-10.18,23,84.557386,False
-9.04,29,84.58162,False
-8.98,18,84.598499,False
-9.12,22,84.616868,False
-3.4,80,84.676197,False
-10.08,28,84.697019,False
-10.1,15,84.708977,False
-9.99,9,84.716026,False
-9.78,13,84.727372,False
-2.2,80,84.785727,False
-8.91,16,84.798487,False
-11.32,57,84.843809,False
-10.51,26,84.863055,False
-11.25,60,84.908876,False
-10.32,17,84.92092,False
-11.76,71,84.976929,False
-9.72,27,84.996388,False
-11.0,45,85.03073,False
-10.19,59,89.108651,False
-9.16,31,89.132598,False
-11.27,62,89.181726,False
-9.55,20,89.196499,False
-9.34,14,89.207473,False
-10.7,45,89.659362,False
-10.19,24,89.685036,False
-9.86,16,89.701057,False
-9.11,21,89.723099,False
-10.38,13,89.736972,False
-9.81,6,89.743052,False
-11.18,53,89.799664,False
-9.87,7,89.806774,False
-3.2,80,89.880082,False
-10.31,61,89.928064,False
-10.51,26,89.947845,False
-10.72,47,89.983866,False
-11.35,65,90.03608,False
-10.03,8,90.042125,False
-2.45,80,90.102313,False
-10.19,24,90.120562,False
-9.91,21,90.13741,False
-10.48,33,90.161949,False
-10.6,35,90.189597,False
-10.0,20,90.204777,False
-3.1,80,90.267923,False
-10.14,14,90.278783,False
-9.09,14,90.289254,False
-10.41,21,90.305789,False
-9.89,14,90.316338,False
-1.2,80,90.378046,False
-10.02,57,90.420343,False
-9.13,23,90.437526,False
-10.31,61,90.857519,False
-10.01,36,90.888911,False
-9.82,37,90.923499,False
-11.47,62,90.985041,False
-10.1,5,90.991097,False
-10.58,43,91.03631,False
-9.69,34,91.067532,False
-9.29,39,91.100123,False
-9.91,51,91.137713,False
-9.75,20,91.153161,False
-9.27,27,91.172811,False
-9.13,13,91.183886,False
-10.17,22,91.200844,False
-9.91,51,91.238021,False
-10.09,49,91.275919,False
-10.2,15,91.287669,False
-10.08,18,91.300598,False
-10.44,24,91.319403,False
-10.46,16,91.33286,False
-10.34,69,91.385891,False
-10.37,22,91.402867,False
-10.93,48,91.439201,False
-10.55,70,91.49212,False
-9.97,52,91.532533,False
-9.75,50,91.57036,False
-10.22,52,91.610329,False
-10.39,19,91.625801,False
-9.89,24,91.644849,False
-1.6,80,92.089242,False
-9.91,16,92.103759,False
-10.69,44,92.148176,False
-10.06,11,92.158298,False
-9.85,20,92.178823,False
-3.35,80,92.252252,False
-10.46,26,92.275779,False
-10.09,29,92.298658,False
-9.87,17,92.311336,False
-10.41,36,92.339832,False
-10.17,57,92.382937,False
-9.28,33,92.409414,False
-11.02,52,92.448634,False
-10.24,64,92.497909,False
-10.01,21,92.515812,False
-10.69,34,92.542755,False
-10.26,6,92.547813,False
-10.7,75,92.603365,False
-9.36,21,92.619421,False
-10.33,58,92.661525,False
-9.82,12,92.67057,False
-10.12,12,92.680387,False
-10.04,19,92.694918,False
-10.19,19,92.710605,False
-10.1,20,92.726083,False
-9.28,38,92.754406,False
-1.1,80,92.812457,False
-9.75,10,92.820197,False
-9.85,15,92.831949,False
-9.04,14,92.842898,False
-9.88,53,93.272572,False
-2.45,80,93.34534,False
-10.38,18,93.362013,False
-10.4,25,93.384954,False
-10.72,22,93.408034,False
-11.5,60,93.465652,False
-9.83,13,93.477717,False
-2.2,80,93.543196,False
-9.58,33,93.569682,False
-10.27,62,93.616303,False
-10.15,5,93.620826,False
-10.87,77,93.677982,False
-10.13,13,93.687504,False
-10.18,33,93.715399,False
-3.4,80,93.776879,False
-10.36,21,93.793504,False
-9.9,5,93.797519,False
-2.05,80,93.856046,False
-9.71,11,93.864078,False
-10.02,17,93.877837,False
-10.5,30,93.900092,False
-10.22,22,93.91835,False
-9.99,54,93.959222,False
-9.28,28,93.981072,False
-9.55,15,93.992978,False
-11.34,64,94.041815,False
-9.59,44,94.074299,False
-10.25,25,94.092775,False
-2.35,80,94.541424,False
-10.66,41,94.58467,False
-10.57,42,94.630749,False
-9.32,37,94.667035,False
-10.24,14,94.679791,False
-10.15,20,94.695288,False
-9.46,26,94.716634,False
-10.44,64,94.766533,False
-9.28,18,94.780134,False
-1.05,80,94.839101,False
-9.8,10,94.847115,False
-9.38,33,94.871992,False
-10.48,38,94.900506,False
-0.8,80,94.959432,False
-11.52,67,95.011054,False
-9.48,38,95.039548,False
-10.85,25,95.059312,False
-10.28,63,99.636883,False
-10.32,32,99.661857,False
-9.1,30,99.686573,False
-11.48,63,99.735023,False
-10.22,62,99.78717,False
-10.36,21,99.80541,False
-10.37,27,99.827832,False
-10.15,45,100.253003,False
-10.18,23,100.277361,False
-10.13,3,100.280869,False
-8.83,23,100.304803,False
-10.2,20,100.326117,False
-8.86,21,100.349752,False
-10.41,21,100.373296,False
-9.81,21,100.396418,False
-9.86,16,100.41312,False
-10.66,76,100.474517,False
-10.14,14,100.486436,False
-9.91,16,100.499266,False
-10.27,22,100.517612,False
-10.41,21,100.534649,False
-10.66,41,100.565991,False
-11.09,29,100.588186,False
-10.73,73,100.642607,False
-10.72,27,100.66545,False
-10.6,25,100.684524,False
-10.1,5,100.688961,False
-10.28,63,100.737457,False
-10.9,80,100.797427,False
-10.72,47,100.83301,False
-10.43,68,100.885225,False
-12.03,73,100.93924,False
-10.24,24,100.95821,False
-2.0,80,101.017462,False
-10.04,4,101.020985,False
-10.37,17,101.057235,False
-9.73,18,101.070838,False
-10.2,15,101.082094,False
-9.01,11,101.466105,False
-9.69,39,101.507107,False
-10.1,50,101.555399,False
-2.25,80,101.632897,False
-10.87,67,101.69477,False
-2.3,80,101.755277,False
-9.01,21,101.771549,False
-9.81,41,101.801588,False
-9.86,51,101.839864,False
-10.2,5,101.843865,False
-10.01,11,101.85239,False
-9.91,21,101.867832,False
-9.19,24,101.885816,False
-10.45,40,101.917486,False
-11.24,49,101.955205,False
-0.6,80,102.014344,False
-9.92,52,102.053374,False
-10.41,21,102.070153,False
-9.94,24,102.087991,False
-10.41,26,102.107458,False
-9.16,16,102.119985,False
-10.18,23,102.138239,False
-10.63,18,102.151988,False
-9.78,48,102.186651,False
-11.48,58,102.233576,False
-2.35,80,102.6737,False
-2.35,80,102.745443,False
-2.1,80,102.821823,False
-10.29,34,102.857527,False
-10.55,25,102.882835,False
-10.51,41,102.917874,False
-2.2,80,102.978656,False
-2.35,80,103.039342,False
-10.69,74,103.094651,False
-10.19,14,103.1047,False
-2.3,80,103.164447,False
-9.9,45,103.19923,False
-2.55,80,103.260701,False
-10.95,80,103.32056,False
-9.66,46,103.355061,False
-10.15,5,103.358274,False
-3.4,80,103.419161,False
-9.89,24,103.437514,False
-11.01,71,103.49226,False
-2.4,80,103.949935,False
-10.04,4,103.952935,False
-9.36,21,103.976494,False
-10.13,23,104.001143,False
-11.83,58,104.057398,False
-10.53,68,104.116438,False
-10.0,20,104.13322,False
-10.12,12,104.142798,False
-10.33,28,104.163895,False
-1.5,80,104.221503,False
-10.08,33,104.247211,False
-9.81,46,104.281593,False
-10.04,4,104.285512,False
-11.61,51,104.326685,False
-3.35,80,104.387954,False
-10.45,40,104.420907,False
-11.89,74,104.478604,False
-3.35,80,104.538855,False
-10.1,5,104.542876,False
-2.05,80,104.601681,False
-2.25,80,104.660969,False
-10.06,56,104.702705,False
-11.66,61,105.151979,False
-10.67,27,105.179679,False
-11.22,57,105.233093,False
-10.43,23,105.25501,False
-11.33,58,105.306437,False
-9.89,34,105.33678,False
-9.37,12,105.347139,False
-10.77,72,105.401752,False
-10.65,55,105.442065,False
-10.51,21,105.459655,False
-9.5,30,105.484033,False
-10.81,41,105.516919,False
-9.51,11,105.526218,False
-9.4,40,105.556611,False
-10.49,24,105.575931,False
-9.95,10,105.583932,False
-10.11,6,105.589996,False
-9.96,16,105.603097,False
-9.16,31,109.959619,False
-10.76,51,109.999567,False
-10.26,26,110.021648,False
-10.64,29,110.04462,False
-9.83,28,110.066583,False
-11.36,46,110.106824,False
-10.55,35,110.138227,False
-10.09,14,110.150293,False
-10.54,59,110.194163,False
-9.22,17,110.207946,False
-10.34,19,110.223517,False
-10.51,16,110.237729,False
-10.39,14,110.248739,False
-10.4,55,110.681331,False
-10.83,68,110.751896,False
-2.3,80,110.833396,False
-10.17,7,110.840428,False
-10.16,6,110.846856,False
-10.69,19,110.865481,False
-9.89,14,110.87814,False
-3.55,80,110.944696,False
-10.57,32,110.970061,False
-9.53,18,110.98444,False
-2.6,80,111.042462,False
-10.11,11,111.051985,False
-10.09,29,111.073993,False
-12.43,73,111.129985,False
-10.73,73,111.183331,False
-9.92,27,111.204019,False
-0.8,80,111.262127,False
-10.29,44,111.296745,False
-8.95,15,111.307438,False
-9.92,22,111.325704,False
-10.44,34,111.351214,False
-2.25,80,111.4103,False
-11.05,45,111.444945,False
-10.41,66,111.494831,False
-9.1,15,111.875384,False
-9.38,28,111.901674,False
-10.54,69,111.966212,False
-10.35,20,111.987829,False
-10.67,42,112.032795,False
-10.28,23,112.056803,False
-10.33,33,112.085979,False
-10.79,74,112.144572,False
-10.95,65,112.191872,False
-11.89,69,112.245475,False
-10.73,68,112.298949,False
-10.31,26,112.318991,False
-10.11,21,112.336716,False
-10.36,31,112.360379,False
-10.15,5,112.36438,False
-10.54,24,112.382659,False
-10.08,58,112.426099,False
-9.77,47,112.460825,False
-10.3,20,112.476565,False
-10.3,35,112.505099,False
-8.98,13,112.514646,False
-10.4,30,112.538671,False
-10.53,23,112.557171,False
-10.37,37,112.586289,False
-11.68,73,112.643386,False
-10.36,21,112.660656,False
-1.25,80,113.100378,False
-9.3,20,113.121504,False
-10.33,28,113.149321,False
-9.83,48,113.195231,False
-2.75,80,113.272144,False
-10.53,18,113.288919,False
-10.21,6,113.294428,False
-9.84,14,113.307994,False
-10.68,48,113.349165,False
-10.61,26,113.371541,False
-10.51,16,113.385069,False
-11.63,63,113.439397,False
-9.91,6,113.444927,False
-11.43,53,113.490758,False
-10.47,22,113.510238,False
-10.23,58,113.558484,False
-10.71,76,113.620612,False
-10.12,57,113.664791,False
-9.1,30,113.689301,False
-10.67,72,113.742195,False
-9.44,29,113.764696,False
-2.5,80,113.825396,False
-10.28,8,113.831396,False
-10.03,13,113.841778,False
-10.86,71,113.894951,False
-9.47,27,113.916187,False
-2.15,80,114.357415,False
-10.1,5,114.362929,False
-9.02,27,114.388806,False
-10.11,41,114.428444,False
-10.38,63,114.488274,False
-9.92,52,114.538236,False
-10.04,4,114.54204,False
-10.1,50,114.584145,False
-12.0,80,114.645681,False
-9.97,7,114.650681,False
-10.29,9,114.657516,False
-11.42,47,114.69561,False
-9.26,21,114.711518,False
-10.11,16,114.723801,False
-10.41,21,114.739372,False
-3.5,80,114.801688,False
-11.63,68,114.853184,False
-10.79,74,114.908778,False
-10.31,66,114.958442,False
-10.5,25,114.978197,False
-3.3,80,115.038016,False
-9.77,32,115.064179,False
-10.77,42,115.099403,False
-9.46,16,115.112109,False
-10.18,23,115.130964,False
-9.66,16,115.143474,False
-9.92,7,115.148001,False
-9.35,35,115.561748,False
-10.84,44,115.6061,False
-11.77,67,115.67094,False
-10.86,61,115.727867,False
-9.47,37,115.760467,False
-10.54,69,115.81264,False
-10.25,25,115.831444,False
-9.26,26,115.851572,False
-10.44,24,115.87151,False
-10.26,16,115.883298,False
-10.13,3,115.885809,False
-9.77,12,115.895047,False
-10.26,26,115.915609,False
-10.22,57,120.608567,False
-10.84,39,120.642507,False
-9.5,10,120.650005,False
-11.23,58,120.694748,False
-10.5,70,120.748836,False
-9.83,48,120.785634,False
-10.78,48,120.824458,False
-11.04,79,120.882143,False
-10.31,36,120.911425,False
-9.15,30,120.936365,False
-11.64,69,120.9894,False
-9.69,19,121.004921,False
-10.33,63,121.440249,False
-12.17,77,121.516902,False
-2.35,80,121.597847,False
-9.82,47,121.639069,False
-11.98,73,121.694935,False
-10.6,20,121.710268,False
-10.76,76,121.766467,False
-10.62,72,121.82032,False
-9.83,13,121.830559,False
-2.35,80,121.891492,False
-8.88,23,121.909783,False
-10.72,22,121.92671,False
-9.88,18,121.940454,False
-11.5,40,121.972602,False
-11.41,66,122.024152,False
-10.88,23,122.043486,False
-10.44,24,122.062538,False
-3.4,80,122.124393,False
-11.56,66,122.175273,False
-10.12,7,122.180799,False
-11.54,69,122.232299,False
-9.58,43,122.63735,False
-2.35,80,122.714046,False
-2.15,80,122.793066,False
-10.24,9,122.803075,False
-10.66,76,122.864335,False
-2.3,80,122.925306,False
-10.27,17,122.939044,False
-10.65,70,122.992059,False
-9.66,36,123.020747,False
-2.3,80,123.081028,False
-10.87,27,123.10238,False
-10.15,5,123.107157,False
-9.69,44,123.140312,False
-1.25,80,123.196063,False
-11.38,58,123.242044,False
-3.4,80,123.301719,False
-10.93,38,123.330105,False
-10.03,53,123.371164,False
-2.5,80,123.794491,False
-10.92,42,123.837206,False
-12.05,70,123.9122,False
-10.7,35,123.946325,False
-3.3,80,124.024033,False
-10.4,65,124.072851,False
-10.04,4,124.07585,False
-10.13,58,124.118462,False
-2.25,80,124.178586,False
-9.61,16,124.190882,False
-9.36,36,124.217379,False
-10.46,21,124.233139,False
-9.35,35,124.260348,False
-10.37,17,124.274872,False
-10.98,78,124.332985,False
-11.65,70,124.387274,False
-10.08,58,124.430269,False
-10.59,69,124.483316,False
-10.91,76,124.54125,False
-11.04,74,124.595236,False
-10.69,74,125.040869,False
-9.52,22,125.063369,False
-9.87,47,125.107769,False
-9.93,53,125.163768,False
-1.35,80,125.231697,False
-10.55,70,125.285806,False
-10.81,76,125.342439,False
-10.38,33,125.367387,False
-9.47,22,125.384845,False
-10.29,9,125.390774,False
-10.49,54,125.430941,False
-9.83,38,125.460778,False
-10.67,27,125.482333,False
-11.48,58,125.52478,False
-9.95,55,125.566195,False
-10.46,21,125.582932,False
-10.84,79,125.642359,False
-2.2,80,125.699908,False
-2.45,80,125.759158,False
-10.45,60,125.803393,False
-10.22,17,125.816638,False
-10.46,21,126.199166,False
-10.62,72,126.260784,False
-2.25,80,126.331977,False
-8.8,20,126.353607,False
-1.1,80,126.423901,False
-9.34,39,126.453216,False
-9.84,49,126.493546,False
-2.2,80,131.30475,False
-9.17,32,131.329868,False
-10.29,19,131.346058,False
-9.96,16,131.358835,False
-11.44,49,131.397918,False
-10.0,55,131.440423,False
-9.9,55,131.481518,False
-10.19,24,131.499918,False
-10.49,39,131.530381,False
-10.55,70,131.582729,False
-10.24,14,131.5945,False
-10.57,17,131.607246,False
-9.23,33,131.633025,False
-12.15,80,131.691454,False
-10.43,68,131.742769,False
-10.54,69,132.158365,False
-10.62,27,132.186995,False
-10.74,64,132.251584,False
-9.94,9,132.260627,False
-9.18,18,132.278297,False
-9.25,35,132.308485,False
-10.02,27,132.33367,False
-8.63,18,132.348451,False
-9.5,40,132.379744,False
-10.19,59,132.424599,False
-10.14,9,132.431117,False
-9.86,51,132.470675,False
-10.12,47,132.507519,False
-10.02,12,132.517042,False
-11.47,72,132.5707,False
-9.65,10,132.577517,False
-9.24,34,132.604303,False
-9.24,34,132.63128,False
-10.33,18,132.646227,False
-11.31,76,132.703281,False
-1.15,80,132.762306,False
-8.85,15,132.774285,False
-3.2,80,132.838146,False
-10.63,43,132.870575,False
-10.12,12,132.880377,False
-10.94,29,132.902383,False
-8.86,16,132.914193,False
-11.53,68,133.343315,False
-10.5,40,133.385972,False
-9.79,49,133.432369,False
-11.87,77,133.510073,False
-9.46,16,133.524433,False
-3.3,80,133.589194,False
-9.69,39,133.618969,False
-9.57,42,133.652195,False
-9.83,43,133.684218,False
-10.37,27,133.706266,False
-9.71,46,133.740272,False
-10.37,67,133.790919,False
-10.07,2,133.793443,False
-9.12,17,133.806305,False
-2.6,80,133.868246,False
-10.09,4,133.871582,False
-10.69,74,133.927215,False
-11.41,56,133.971531,False
-10.71,66,134.020072,False
-9.89,49,134.057133,False
-9.88,53,134.096671,False
-0.85,80,134.559478,False
-9.51,41,134.600236,False
-10.27,62,134.66465,False
-9.39,14,134.680642,False
-10.4,65,134.745916,False
-3.35,80,134.812428,False
-11.24,64,134.863005,False
-10.31,61,134.909642,False
-9.73,38,134.939605,False
-9.26,36,134.966599,False
-10.08,58,135.011424,False
-11.6,70,135.066224,False
-10.15,5,135.070254,False
-10.93,78,135.129062,False
-10.11,51,135.167234,False
-10.86,51,135.205185,False
-3.25,80,135.264811,False
-10.15,5,135.269336,False
-8.98,28,135.290277,False
-11.37,57,135.333377,False
-2.3,80,135.760948,False
-9.95,55,135.816157,False
-11.74,64,135.883732,False
-11.16,51,135.931252,False
-10.96,46,135.97249,False
-11.5,70,136.028117,False
-9.26,16,136.041034,False
-9.05,30,136.064091,False
-9.34,34,136.089746,False
-10.66,26,136.109086,False
-10.54,24,136.129425,False
-10.34,19,136.144694,False
-11.91,76,136.203625,False
-10.73,73,136.257281,False
-9.92,7,136.26228,False
-10.08,58,136.306445,False
-10.53,23,136.325449,False
-10.17,12,136.334872,False
-3.3,80,136.398867,False
-10.38,68,136.450849,False
-10.57,27,136.470623,False
-10.41,21,136.48817,False
-10.79,44,136.521632,False
-10.2,15,136.533912,False
-10.12,12,136.544373,False
-10.85,50,136.583295,False
-11.42,57,137.01265,False
-10.15,50,137.058645,False
-10.04,4,137.062645,False
-10.39,59,137.119156,False
-10.1,20,137.14156,False
-2.15,80,141.369595,False
-10.66,21,141.387244,False
-10.41,21,141.404322,False
-2.5,80,141.465903,False
-2.4,80,141.527087,False
-2.45,80,141.587547,False
-9.58,43,141.618586,False
-11.66,71,141.672578,False
-10.03,3,141.676103,False
-10.8,40,141.706491,False
-10.09,4,141.70949,False
-10.18,58,141.751791,False
-9.35,35,141.777301,False
-11.35,60,141.822236,False
-11.1,35,141.849694,False
-9.97,52,141.889495,False
-9.44,39,141.918267,False
-11.18,58,142.344965,False
-1.1,80,142.423743,False
-10.54,14,142.438912,False
-11.7,75,142.513607,False
-10.16,61,142.566838,False
-10.85,50,142.60563,False
-11.83,73,142.65912,False
-9.77,12,142.668641,False
-10.85,25,142.688617,False
-10.45,20,142.705096,False
-10.28,63,142.751126,False
-2.6,80,142.812842,False
-9.48,33,142.837432,False
-10.6,25,142.858078,False
-10.54,69,142.910668,False
-10.78,78,142.969356,False
-10.16,6,142.973576,False
-9.06,21,142.991573,False
-11.0,80,143.050182,False
-10.38,63,143.096104,False
-10.77,72,143.148292,False
-10.64,49,143.567527,False
-10.04,4,143.571527,False
-11.19,59,143.631156,False
-11.63,73,143.706826,False
-10.82,62,143.760497,False
-10.35,10,143.769529,False
-10.95,80,143.831434,False
-2.2,80,143.891444,False
-10.07,57,143.93418,False
-10.35,65,143.982192,False
-9.53,43,144.016049,False
-10.54,19,144.031633,False
-10.33,68,144.082683,False
-0.6,80,144.140527,False
-11.41,66,144.189305,False
-10.65,75,144.244445,False
-9.9,10,144.251445,False
-9.47,42,144.282787,False
-11.62,72,144.337259,False
-10.53,43,144.74297,False
-11.61,71,144.8124,False
-8.93,23,144.837673,False
-9.98,18,144.856716,False
-9.92,7,144.863223,False
-11.48,68,144.926973,False
-10.07,57,144.971375,False
-2.1,80,145.029455,False
-10.6,75,145.084312,False
-10.31,61,145.12718,False
-10.58,28,145.148425,False
-10.37,27,145.168446,False
-10.24,14,145.180502,False
-10.03,18,145.194413,False
-3.15,80,145.254168,False
-9.27,27,145.275536,False
-10.73,23,145.292927,False
-3.25,80,145.354044,False
-10.07,57,145.397957,False
-9.77,12,145.407717,False
-10.57,27,145.428991,False
-10.57,72,145.481737,False
-10.2,60,145.526831,False
-10.57,27,145.916354,False
-9.25,40,145.957401,False
-10.84,44,146.003132,False
-2.3,80,146.079702,False
-10.63,73,146.138086,False
-10.37,22,146.154804,False
-10.45,25,146.174557,False
-10.45,70,146.22561,False
-10.16,6,146.231118,False
-10.29,64,146.278455,False
-10.61,26,146.297782,False
-10.49,24,146.315692,False
-9.62,42,146.348079,False
-1.1,80,146.404658,False
-10.06,56,146.445337,False
-9.09,14,146.456048,False
-10.48,68,146.508053,False
-2.15,80,146.566669,False
-10.79,24,146.584907,False
-10.78,73,146.638406,False
-10.55,70,146.688639,False
-10.33,68,147.099982,False
-10.66,36,147.132655,False
-3.2,80,152.024689,False
-1.3,80,152.085625,False
-11.27,62,152.132487,False
-10.62,27,152.152755,False
-10.08,53,152.192003,False
-9.13,33,152.21678,False
-10.76,46,152.252557,False
-10.21,26,152.27337,False
-10.11,11,152.281893,False
-11.54,69,152.33318,False
-11.08,48,152.369578,False
-9.9,40,152.400642,False
-11.16,61,152.448612,False
-11.73,73,152.504414,False
-11.21,46,152.539939,False
10.06,79,152.597529,True
-0.65,80,152.656059,False
-10.15,5,152.65957,False
-10.5,25,152.679313,False
-10.24,59,153.098738,False
-11.46,66,153.160744,False
-11.9,75,153.227564,False
-3.35,80,153.299287,False
-11.09,59,153.344251,False
-11.16,51,153.383314,False
-10.58,33,153.408321,False
-10.26,61,153.454041,False
-10.21,61,153.499829,False
-10.4,65,153.549273,False
-10.94,29,153.571922,False
-11.71,76,153.629507,False
-10.34,14,153.640036,False
-10.12,22,153.656765,False
-10.74,49,153.694439,False
-10.03,3,153.696439,False
-3.3,80,153.755941,False
-1.25,80,153.814144,False
-11.22,57,153.858123,False
-9.85,55,154.265048,False
-10.21,11,154.277099,False
-10.6,70,154.344457,False
-9.97,52,154.395442,False
-3.1,80,154.469369,False
-11.22,57,154.513267,False
-9.36,36,154.540269,False
-10.18,23,154.558177,False
-10.13,53,154.598974,False
-11.27,57,154.642605,False
-3.3,80,154.703378,False
-10.03,53,154.744132,False
-3.25,80,154.805394,False
-10.81,41,154.836188,False
-9.99,9,154.842728,False
-9.92,17,154.855985,False
-9.71,46,154.889961,False
-10.26,61,154.9348,False
-11.67,77,154.995944,False
-11.73,78,155.056319,False
-10.66,71,155.494438,False
-11.11,56,155.550736,False
-10.54,24,155.572989,False
-9.42,37,155.612564,False
-10.02,57,155.662027,False
-11.05,55,155.704499,False
-10.3,20,155.720306,False
-10.5,25,155.740221,False
-10.51,21,155.756786,False
-10.09,59,155.801005,False
-9.66,51,155.839091,False
-9.9,55,155.879823,False
-10.22,7,155.885838,False
-3.85,80,155.948404,False
-11.12,57,155.99228,False
-11.48,78,156.050045,False
-10.7,70,156.101564,False
-9.41,41,156.132616,False
-9.58,43,156.164406,False
-9.65,45,156.197365,False
-9.42,37,156.224835,False
-10.75,45,156.653272,False
-11.14,59,156.707868,False
-10.25,20,156.729462,False
-9.96,21,156.752599,False
-9.91,51,156.802702,False
-9.4,40,156.841709,False
-10.83,28,156.867479,False
-9.48,38,156.895924,False
-9.81,41,156.926899,False
-9.43,23,156.944238,False
-9.98,53,156.98378,False
-10.29,54,157.023654,False
-10.49,14,157.034699,False
-3.45,80,157.097091,False
-10.81,76,157.152655,False
-10.33,63,157.199941,False
-9.12,32,157.224385,False
-10.2,60,157.269624,False
-9.85,50,157.306115,False
-9.61,46,157.341636,False
-9.52,42,157.373221,False
-9.63,48,157.40972,False
-11.24,54,157.45082,False
-10.54,39,162.207361,False
-10.32,27,162.230572,False
-10.4,15,162.242564,False
-11.05,65,162.291681,False
-9.63,43,162.32374,False
-10.38,63,162.372052,False
-10.52,42,162.403535,False
-10.52,67,162.452691,False
-10.11,6,162.457909,False
-10.2,60,162.504792,False
-10.0,45,162.539513,False
-10.83,48,162.577144,False
-10.7,70,162.629279,False
-10.63,68,162.682276,False
-10.56,26,162.703551,False
-10.29,19,162.720455,False
-11.18,58,162.769764,False
-10.77,47,162.806016,False
-9.84,14,162.817058,False
-10.32,17,162.830846,False
-10.01,41,162.860949,False
-9.1,30,162.883216,False
-10.22,62,162.928524,False
-10.31,16,162.94279,False
-10.05,20,162.957015,False
-11.06,46,163.370192,False
-10.99,74,163.434067,False
-9.9,50,163.480339,False
-11.48,63,163.548009,False
-10.23,23,163.570585,False
-10.05,15,163.584113,False
-10.63,18,163.600302,False
-9.45,45,163.637361,False
-10.19,59,163.683249,False
-11.69,69,163.738926,False
-10.39,64,163.786138,False
-11.53,58,163.830355,False
-2.15,80,163.891995,False
-10.45,20,163.90713,False
-10.65,70,163.958164,False
-10.85,45,163.99366,False
-10.92,52,164.034077,False
-9.72,12,164.044255,False
-10.49,69,164.095261,False
-11.45,60,164.141014,False
-10.62,27,164.160937,False
-11.03,53,164.581757,False
-11.42,62,164.641924,False
-10.74,74,164.717734,False
-10.76,21,164.739919,False
-10.59,64,164.80101,False
-10.59,69,164.85305,False
-10.4,65,164.900789,False
-10.98,78,164.958272,False
-9.8,10,164.965317,False
-10.3,15,164.976737,False
-10.73,73,165.034309,False
-10.7,45,165.069327,False
-10.12,22,165.086505,False
-10.61,71,165.139849,False
-10.72,27,165.160614,False
-11.72,72,165.216152,False
-10.32,12,165.22621,False
-11.18,63,165.275047,False
-10.8,75,165.331531,False
-11.24,59,165.37807,False
-10.05,55,165.809493,False
-11.75,70,165.878573,False
-10.28,63,165.938528,False
-9.96,11,165.950032,False
-10.53,23,165.974876,False
-12.18,68,166.035358,False
-10.42,57,166.077955,False
-10.54,24,166.09715,False
-11.59,69,166.149944,False
-10.21,6,166.153998,False
-10.73,63,166.200012,False
-10.71,46,166.236172,False
-10.38,63,166.283761,False
-10.52,42,166.316125,False
-11.97,52,166.355308,False
-10.09,4,166.358308,False
-10.79,74,166.412962,False
-11.54,64,166.460808,False
-10.86,76,166.517985,False
-10.99,69,166.570858,False
-11.24,79,167.00558,False
-3.3,80,167.086913,False
-11.39,54,167.146731,False
-10.78,23,167.173322,False
-10.58,38,167.208531,False
-9.92,7,167.214053,False
-1.4,80,167.27879,False
-10.78,73,167.33395,False
-10.69,69,167.384549,False
-10.77,67,167.435862,False
-10.95,80,167.497125,False
-10.66,71,167.54898,False
-10.17,22,167.565259,False
-10.92,77,167.623465,False
-11.55,70,167.674831,False
-11.49,64,167.722537,False
-11.61,71,172.531149,False
-11.37,62,172.95348,False
-9.91,51,173.00433,False
-10.62,42,173.043532,False
-10.85,40,173.085876,False
-10.6,20,173.107046,False
-9.86,51,173.157401,False
-10.73,43,173.198564,False
-11.48,63,173.254855,False
-10.48,23,173.274765,False
-10.14,54,173.318779,False
-12.33,78,173.388602,False
-11.54,69,173.445021,False
-10.48,63,173.491768,False
-9.95,50,173.528627,False
-10.91,71,173.580453,False
-10.22,7,173.586653,False
-10.48,68,173.636914,False
-10.45,60,173.681713,False
-10.93,28,173.704101,False
-10.53,68,173.755955,False
-10.66,71,173.808177,False
-11.4,60,174.229553,False
-10.33,13,174.244529,False
-10.18,28,174.273679,False
-11.36,61,174.334754,False
-11.42,62,174.395386,False
-12.47,77,174.45508,False
-10.75,70,174.507847,False
-3.6,80,174.570126,False
-11.19,59,174.616133,False
-12.08,78,174.675632,False
-10.8,75,174.731346,False
-10.4,15,174.743116,False
-10.86,51,174.782094,False
-10.86,71,174.833545,False
-10.35,20,174.850085,False
-8.79,14,174.861003,False
-9.09,14,174.871695,False
-10.1,55,174.912517,False
-10.57,67,174.960068,False
-11.66,71,175.399944,False
-11.08,58,175.459095,False
-10.58,68,175.523494,False
-10.53,68,175.589555,False
-11.04,79,175.654063,False
-10.96,76,175.711891,False
-11.03,53,175.753364,False
-11.02,77,175.80848,False
-10.83,73,175.863793,False
-10.76,71,175.917138,False
-10.77,72,175.970597,False
-10.69,39,176.001052,False
-10.4,20,176.017059,False
-11.69,59,176.062345,False
-10.67,72,176.115448,False
-10.52,67,176.163824,False
-10.51,16,176.17731,False
-10.2,5,176.180311,False
-10.16,16,176.193258,False
-9.86,51,176.614162,False
-10.17,12,176.626277,False
-2.3,80,176.703258,False
-10.96,46,176.747185,False
-10.3,10,176.75535,False
-2.25,80,176.826087,False
-10.72,27,176.846865,False
-11.77,72,176.901235,False
-12.19,74,176.956925,False
-11.44,64,177.005001,False
-10.44,19,177.020408,False
-11.48,58,177.063756,False
-10.82,77,177.120626,False
-10.23,8,177.126145,False
-10.73,73,177.180407,False
-10.73,68,177.231689,False
-1.15,80,177.288821,False
-2.3,80,177.348567,False
-10.47,27,177.369173,False
-11.15,55,177.779708,False
-10.77,72,177.850807,False
-10.39,59,177.906403,False
-11.2,50,177.957426,False
-1.05,80,178.021569,False
-10.64,69,178.073392,False
-10.76,66,178.121831,False
-11.05,55,178.162929,False
-10.92,72,178.216155,False
-11.52,67,178.268986,False
-10.41,11,178.277558,False
-10.47,77,178.33283,False
-10.76,71,178.385487,False
-10.3,60,183.144367,False
-10.45,65,183.202387,False
-11.14,54,183.2451,False
-11.51,71,183.298536,False
-10.45,55,183.721395,False
-11.79,74,183.791127,False
-11.97,62,183.846794,False
-2.5,80,183.914416,False
-10.78,73,183.968694,False
-10.54,24,183.988074,False
-9.82,47,184.023096,False
-9.86,26,184.042337,False
-11.16,56,184.085205,False
-10.03,3,184.087222,False
-0.9,80,184.146272,False
-11.98,78,184.205815,False
-11.09,79,184.264896,False
-10.32,62,184.310341,False
-11.05,80,184.369749,False
-9.76,11,184.378271,False
-11.7,70,184.431338,False
-10.33,8,184.437965,False
-11.45,65,184.873283,False
-1.0,80,184.950443,False
-10.82,72,185.018441,False
-9.94,54,185.064063,False
-10.54,24,185.08496,False
-9.87,47,185.121127,False
-10.96,46,185.157163,False
-2.35,80,185.216865,False
-3.45,80,185.277239,False
-10.99,39,185.30829,False
-11.66,66,185.360274,False
-3.35,80,185.422784,False
-9.64,19,185.437822,False
-10.21,61,185.485422,False
-12.2,80,185.547959,False
-10.04,19,185.563231,False
-9.35,20,185.578009,False
-10.61,16,185.58904,False
-10.84,74,185.645061,False
-10.28,58,185.687784,False
-11.37,57,186.130363,False
-9.84,14,186.145999,False
-11.92,77,186.225071,False
-10.78,73,186.293665,False
-9.91,6,186.298665,False
-12.03,78,186.36236,False
-10.87,72,186.4164,False
-11.12,42,186.448079,False
-10.9,75,186.504216,False
-10.81,71,186.559118,False
-10.64,69,186.610718,False
-11.79,74,186.666073,False
-10.2,5,186.670701,False
-11.74,69,186.722946,False
-10.2,5,186.725946,False
-10.02,52,186.765414,False
-11.87,72,186.819788,False
-10.98,58,186.86282,False
-12.27,77,187.289792,False
-10.9,75,187.364091,False
-11.15,80,187.44099,False
-9.38,18,187.458639,False
-10.87,67,187.514306,False
-10.91,66,187.563516,False
-10.44,64,187.612499,False
-10.13,13,187.623357,False
-10.71,66,187.671266,False
-11.55,65,187.719995,False
-10.28,53,187.759935,False
-2.75,80,187.818576,False
-3.4,80,187.8795,False
-11.29,79,187.936511,False
-11.54,59,187.981526,False
-11.26,71,188.035336,False
-11.53,53,188.07718,False
-11.68,68,188.494059,False
-10.45,65,188.559593,False
-2.45,80,188.63421,False
-10.82,47,188.675929,False
-11.42,62,188.725874,False
-10.9,75,188.780973,False
-12.1,60,188.828195,False
-11.84,74,188.885026,False
-10.9,75,188.940646,False
-8.89,14,188.950317,False
-12.14,79,193.808038,False
-10.11,11,193.816556,False
-9.5,15,193.831078,False
-11.06,26,193.851763,False
-10.66,21,193.868288,False
-10.59,29,193.890537,False
-10.13,3,193.893048,False
-9.95,55,193.934195,False
-10.35,60,193.978023,False
-10.8,75,194.034431,False
