metric,seed,delta
win_rate,1,0.13
win_rate,2,0.15600000000000003
win_rate,3,0.126
win_rate,42,0.16000000000000003
win_rate,mean_paired,0.14300000000000002
death_rate,1,-0.13099999999999995
death_rate,2,-0.14799999999999996
death_rate,3,-0.128
death_rate,42,-0.15699999999999997
death_rate,mean_paired,-0.14099999999999996
timeout_rate,1,0.001
timeout_rate,2,-0.008
timeout_rate,3,0.002
timeout_rate,42,-0.003
timeout_rate,mean_paired,-0.002
mean_return,1,4.04802
mean_return,2,4.913969999999999
mean_return,3,4.035149999999999
mean_return,42,5.03244
mean_return,mean_paired,4.507395
mean_length,1,0.532
mean_length,2,0.4170000000000007
mean_length,3,0.9570000000000007
mean_length,42,0.23000000000000043
mean_length,mean_paired,0.5340000000000005
dangerous_state_exposure_rate,1,0.16173435756204657
dangerous_state_exposure_rate,2,0.17629075595122712
dangerous_state_exposure_rate,3,0.09528182160449761
dangerous_state_exposure_rate,42,0.1273572545605441
dangerous_state_exposure_rate,mean_paired,0.14016604741957883
dangerous_move_share,1,0.05386644574977273
dangerous_move_share,2,0.06678520649555075
dangerous_move_share,3,0.03346267180553135
dangerous_move_share,42,0.05152579453258481
dangerous_move_share,mean_paired,0.05141002964585991
dangerous_selection_rate,1,-0.07941302257332983
dangerous_selection_rate,2,-0.07483867668194395
dangerous_selection_rate,3,-0.07539624941697075
dangerous_selection_rate,42,-0.08239950147044355
dangerous_selection_rate,mean_paired,-0.07801186253567202
dangerous_rate_given_move_in_danger_state,1,-0.14193523200412797
dangerous_rate_given_move_in_danger_state,2,-0.1392687611204964
dangerous_rate_given_move_in_danger_state,3,-0.13692084942084942
dangerous_rate_given_move_in_danger_state,42,-0.1368237043484568
dangerous_rate_given_move_in_danger_state,mean_paired,-0.13873713672348265
overall_dangerous_action_rate,1,-0.025505916186980674
overall_dangerous_action_rate,2,-0.02487274894964607
overall_dangerous_action_rate,3,-0.028257575845793935
overall_dangerous_action_rate,42,-0.027374554507335655
overall_dangerous_action_rate,mean_paired,-0.026502698872439084
