geometry,metric,mean,sd,min,max,n
v2,win_rate,0.5834999999999999,0.0073257536586119765,0.573,0.59,4
v2,death_rate,0.41225,0.003593976442141307,0.409,0.417,4
v2,timeout_rate,0.00425,0.004272001872658766,0.001,0.01,4
v2,mean_return,7.157979999999999,0.2332946254560238,6.82395,7.366509999999999,4
v2,mean_length,5.728999999999999,0.4650598527788297,5.254,6.369,4
v2,dangerous_state_exposure_rate,0.34822953625355574,0.02226232783370298,0.3364038972542073,0.38161400837457177,4
v2,dangerous_move_share,0.10788170961340204,0.0077695466080217965,0.10090131969732187,0.11892945763913505,4
v2,dangerous_selection_rate,0.0826078366411765,0.00452490314337302,0.07708442579968537,0.08688783570300158,4
v2,dangerous_rate_given_move_in_danger_state,0.14531417925196802,0.0049582246996135735,0.14153846153846153,0.15249537892791126,4
v2,overall_dangerous_action_rate,0.02874497622835586,0.0020005098151639742,0.026026912181303118,0.030833650551960412,4
v4,win_rate,0.7264999999999999,0.014153915830374775,0.712,0.745,4
v4,death_rate,0.27125,0.013817259737975056,0.253,0.285,4
v4,timeout_rate,0.0022500000000000003,0.0005,0.002,0.003,4
v4,mean_return,11.665375,0.4501286209148079,11.242779999999998,12.266269999999999,4
v4,mean_length,6.263,0.23252240035460384,6.065,6.599,4
v4,dangerous_state_exposure_rate,0.48839558367313457,0.021945148324984967,0.4646158508864979,0.5139323990107172,4
v4,dangerous_move_share,0.15929173925926193,0.00910692210989798,0.1523921294446664,0.17162148543787162,4
v4,dangerous_selection_rate,0.0045959741055044915,0.0023267406920353213,0.002245749117741418,0.007474813129671758,4
v4,dangerous_rate_given_move_in_danger_state,0.006577042528485355,0.0032305582267829988,0.0033112582781456954,0.010560146923783287,4
v4,overall_dangerous_action_rate,0.0022422773559167756,0.0011572644676556285,0.0011541632316570487,0.0037234903674923103,4
