#{"t_start": 1791131128.162239, "env_id": "None"}
r,l,t,is_success
-1.0,12,1.051503,False
-1.0,8,1.057822,False
-1.0,6,1.06378,False
-1.0,10,1.071309,False
-1.0,4,1.075314,False
-1.0,14,1.085933,False
-1.0,11,1.094921,False
-1.0,11,1.103449,False
-1.0,13,1.113974,False
-1.0,7,1.118973,False
-1.0,3,1.122395,False
-1.0,10,1.129905,False
-1.0,5,1.134416,False
-1.0,6,1.139461,False
-1.0,4,1.14244,False
-1.0,2,1.143441,False
-1.0,13,1.152864,False
-1.0,8,1.159267,False
-1.0,9,1.1658,False
-1.0,7,1.172298,False
-1.0,8,1.177884,False
-1.0,10,1.186579,False
-1.0,9,1.193441,False
-1.0,9,1.199959,False
-1.0,10,1.208477,False
-1.0,9,1.215002,False
-1.0,10,1.223106,False
-1.0,15,1.23521,False
-1.0,8,1.241222,False
-1.0,17,1.255281,False
-1.0,6,1.259666,False
-1.0,6,1.263666,False
-1.0,6,1.26917,False
-1.0,16,1.281302,False
-1.0,13,1.290804,False
-1.0,3,1.29304,False
-1.0,9,1.300546,False
-1.0,13,1.310939,False
-1.0,4,1.314862,False
-1.0,16,1.327151,False
-1.0,3,1.329674,False
-1.0,20,1.344892,False
-1.0,5,1.348395,False
-1.0,6,1.353911,False
-1.0,7,1.360605,False
-1.0,16,1.373342,False
-1.0,3,1.375879,False
-1.0,14,1.386162,False
-1.0,3,1.388162,False
-1.0,14,1.399631,False
-1.0,4,1.402161,False
-1.0,16,1.415073,False
-1.0,10,1.422585,False
-1.0,5,1.426955,False
-1.0,10,1.434472,False
-1.0,4,1.438468,False
-1.0,10,1.446836,False
-1.0,10,1.454354,False
-1.0,7,1.45873,False
-1.0,8,1.465255,False
-1.0,9,1.472255,False
-1.0,11,1.480637,False
-1.0,10,1.488162,False
-1.0,11,1.496719,False
-1.0,11,1.507241,False
-1.0,4,1.510031,False
-1.0,5,1.514545,False
-1.0,7,1.519056,False
-1.0,8,1.526751,False
-1.0,7,1.531771,False
-1.0,8,1.545583,False
-1.0,8,1.552107,False
-1.0,5,1.555107,False
-1.0,5,1.559,False
-1.0,8,1.565641,False
-1.0,6,1.570168,False
-1.0,11,1.578568,False
-1.0,10,1.587086,False
-1.0,13,1.597362,False
-1.0,4,1.599868,False
-1.0,3,1.60238,False
-1.0,9,1.608859,False
-1.0,8,1.615532,False
-1.0,3,1.617535,False
-1.0,13,1.628612,False
-1.0,4,1.632341,False
-1.0,8,1.63835,False
-1.0,10,1.647859,False
-1.0,5,1.65239,False
-1.0,11,1.661189,False
-1.0,11,1.670649,False
-1.0,9,1.677172,False
-1.0,7,1.682226,False
-1.0,4,1.685241,False
-1.0,14,1.696135,False
-1.0,6,1.701127,False
-1.0,12,1.711015,False
-1.0,12,1.720253,False
-1.0,11,1.729171,False
-1.0,3,1.732165,False
-1.0,7,1.737692,False
-1.0,9,1.744687,False
-1.0,11,1.753203,False
-1.0,3,1.755204,False
-1.0,10,1.76319,False
-1.0,5,1.767712,False
-1.0,8,1.773712,False
-1.0,3,1.775062,False
-1.0,2,1.777585,False
-1.0,12,1.786609,False
-1.0,3,1.788616,False
-1.0,11,1.798545,False
-1.0,8,1.804563,False
-1.0,3,1.806569,False
-1.0,11,1.816035,False
-1.0,12,1.826035,False
-1.0,4,1.828561,False
-1.0,12,1.837574,False
-1.0,8,1.844462,False
-1.0,7,1.84998,False
-1.0,5,1.853984,False
-1.0,6,1.858867,False
-1.0,10,2.232879,False
-1.0,9,2.240832,False
-1.0,11,2.250893,False
-1.0,10,2.259992,False
-1.0,6,2.264992,False
-1.0,9,2.273511,False
-1.0,3,2.27651,False
-1.0,8,2.285053,False
-1.0,14,2.297482,False
-1.0,7,2.303776,False
-1.0,14,2.316247,False
-1.0,6,2.322762,False
-1.0,12,2.33386,False
-1.0,5,2.338861,False
-1.0,4,2.342852,False
-1.0,7,2.350851,False
-1.0,8,2.359059,False
-1.0,5,2.363566,False
-1.0,4,2.367568,False
-1.0,14,2.379251,False
-1.0,7,2.386841,False
-1.0,9,2.396288,False
-1.0,5,2.401289,False
-1.0,9,2.411361,False
-1.0,7,2.417866,False
-1.0,7,2.425445,False
-1.0,2,2.426444,False
-1.0,9,2.435197,False
-1.0,12,2.445032,False
-1.0,5,2.450033,False
-1.0,9,2.457954,False
-1.0,5,2.461883,False
-1.0,12,2.471992,False
-1.0,2,2.474304,False
-1.0,5,2.478831,False
-1.0,9,2.484881,False
-1.0,12,2.495812,False
-1.0,11,2.504014,False
-1.0,7,2.509379,False
-1.0,22,2.527038,False
-1.0,5,2.530483,False
-1.0,9,2.537487,False
-1.0,13,2.547287,False
-1.0,8,2.553811,False
-1.0,11,2.56271,False
-1.0,4,2.56571,False
-1.0,3,2.56871,False
-1.0,11,2.577151,False
-1.0,7,2.583192,False
-1.0,7,2.588192,False
-1.0,12,2.597561,False
-1.0,6,2.603091,False
-1.0,8,2.609488,False
-1.0,11,2.618007,False
-1.0,8,2.623966,False
-1.0,12,2.633527,False
-1.0,7,2.639599,False
-1.0,11,2.646549,False
-1.0,5,2.651549,False
-1.0,9,2.658503,False
-1.0,10,2.666028,False
-1.0,11,2.674947,False
-1.0,8,2.680854,False
-1.0,8,2.687649,False
-1.0,17,2.702264,False
-1.0,20,2.717708,False
-1.0,7,2.722708,False
-1.0,13,2.733526,False
-1.0,2,2.735526,False
-1.0,6,2.740038,False
-1.0,13,2.749582,False
-1.0,15,2.761943,False
-1.0,5,2.76595,False
-1.0,14,2.776889,False
-1.0,6,2.780929,False
-1.0,5,2.784468,False
-1.0,7,2.790391,False
-1.0,14,2.801468,False
-1.0,16,2.812996,False
-1.0,5,2.816995,False
-1.0,13,2.826877,False
-1.0,13,2.837389,False
-1.0,11,2.846413,False
-1.0,11,2.854929,False
-1.0,5,2.859563,False
-1.0,13,2.869078,False
-1.0,7,2.875009,False
-1.0,7,2.880006,False
-1.0,15,2.891902,False
-1.0,9,2.898427,False
-1.0,5,2.902426,False
-1.0,7,2.907879,False
-1.0,9,2.914408,False
-1.0,10,2.92192,False
-1.0,7,2.927856,False
-1.0,15,2.939353,False
-1.0,3,2.941896,False
-1.0,6,2.945892,False
-1.0,14,2.957526,False
-1.0,7,2.962559,False
-1.0,17,2.975732,False
-1.0,6,2.980253,False
-1.0,12,2.990162,False
-1.0,4,2.993184,False
-1.0,9,2.999237,False
-1.0,5,3.003251,False
-1.0,3,3.005251,False
-1.0,10,3.013163,False
-1.0,5,3.017163,False
-1.0,5,3.021694,False
-1.0,5,3.025009,False
-1.0,13,3.034525,False
-1.0,3,3.03653,False
-1.0,3,3.03953,False
-1.0,4,3.042442,False
-1.0,6,3.046441,False
-1.0,7,3.051967,False
-1.0,7,3.057571,False
-1.0,7,3.062108,False
-1.0,13,3.438309,False
-1.0,10,3.448493,False
-1.0,15,3.464535,False
-1.0,13,3.478665,False
-1.0,6,3.485672,False
-1.0,6,3.492568,False
-1.0,8,3.499583,False
-1.0,6,3.504593,False
-1.0,14,3.519782,False
-1.0,7,3.527318,False
-1.0,3,3.529823,False
-1.0,8,3.538826,False
-1.0,8,3.546899,False
-1.0,8,3.554983,False
-1.0,15,3.568931,False
-1.0,7,3.574887,False
-1.0,7,3.580887,False
-1.0,2,3.583392,False
-1.0,9,3.592993,False
-1.0,5,3.598498,False
-1.0,9,3.608008,False
-1.0,3,3.611012,False
-1.0,8,3.619516,False
-1.0,7,3.625412,False
-1.0,8,3.632411,False
-1.0,7,3.638923,False
-1.0,14,3.650757,False
-1.0,12,3.661579,False
-1.0,6,3.66609,False
-1.0,9,3.674103,False
-1.0,8,3.680876,False
-1.0,9,3.686908,False
-1.0,12,3.69624,False
-1.0,12,3.705816,False
-1.0,6,3.709734,False
-1.0,8,3.715734,False
-1.0,4,3.719258,False
-1.0,6,3.723257,False
-1.0,12,3.733057,False
-1.0,8,3.739576,False
-1.0,15,3.75142,False
-1.0,3,3.75342,False
-1.0,10,3.76034,False
-1.0,6,3.76534,False
-1.0,6,3.769851,False
-1.0,3,3.772861,False
-1.0,6,3.777383,False
-1.0,19,3.79236,False
-1.0,10,3.799881,False
-1.0,3,3.802402,False
-1.0,7,3.807678,False
-1.0,6,3.812181,False
-1.0,10,3.820196,False
-1.0,7,3.825125,False
-1.0,8,3.831123,False
-1.0,11,3.839642,False
-1.0,6,3.844628,False
-1.0,10,3.852623,False
-1.0,9,3.8595,False
-1.0,9,3.867583,False
-1.0,13,3.877118,False
-1.0,13,3.888308,False
-1.0,8,3.894769,False
-1.0,7,3.900063,False
-1.0,15,3.912476,False
-1.0,11,3.921005,False
-1.0,6,3.925699,False
-1.0,4,3.929205,False
-1.0,4,3.933205,False
-1.0,19,3.948651,False
-1.0,6,3.95269,False
-1.0,6,3.956615,False
-1.0,12,3.966487,False
-1.0,11,3.975227,False
-1.0,12,3.983746,False
-1.0,19,4.000042,False
-1.0,6,4.005048,False
-1.0,5,4.008482,False
-1.0,5,4.011995,False
-1.0,8,4.018001,False
-1.0,8,4.024915,False
-1.0,7,4.029913,False
-1.0,4,4.033438,False
-1.0,6,4.037432,False
-1.0,5,4.041986,False
-1.0,6,4.047995,False
-1.0,7,4.053523,False
-1.0,9,4.059923,False
-1.0,7,4.065448,False
-1.0,14,4.077538,False
-1.0,13,4.089068,False
-1.0,20,4.105124,False
-1.0,4,4.107128,False
-1.0,8,4.113447,False
-1.0,3,4.115966,False
-1.0,10,4.124288,False
-1.0,6,4.128326,False
-1.0,4,4.132319,False
-1.0,8,4.138833,False
-1.0,4,4.142281,False
-1.0,8,4.147803,False
-1.0,9,4.154803,False
-1.0,6,4.159251,False
-1.0,9,4.16625,False
-1.0,8,4.171773,False
-1.0,6,4.177558,False
-1.0,10,4.184573,False
-1.0,13,4.195864,False
-1.0,9,4.202882,False
-1.0,16,4.21491,False
-1.0,5,4.218837,False
-1.0,12,4.229033,False
-1.0,4,4.231981,False
-1.0,5,4.235996,False
-1.0,10,4.243936,False
-1.0,20,4.258758,False
-1.0,9,4.26528,False
-1.0,11,4.273799,False
-1.0,11,4.282061,False
-1.0,8,4.288097,False
-1.0,16,4.665582,False
-1.0,9,4.673558,False
-1.0,9,4.683074,False
-1.0,5,4.688074,False
-1.0,7,4.696093,False
-1.0,3,4.699093,False
-1.0,5,4.7031,False
-1.0,6,4.709345,False
-1.0,5,4.713859,False
-1.0,9,4.72186,False
-1.0,2,4.723858,False
-1.0,11,4.735952,False
-1.0,6,4.74248,False
-1.0,9,4.751983,False
-1.0,16,4.769475,False
-1.0,10,4.779374,False
-1.0,11,4.789382,False
-1.0,10,4.799988,False
-1.0,5,4.805493,False
-1.0,13,4.819467,False
-1.0,10,4.830503,False
-1.0,8,4.839016,False
-1.0,10,4.848518,False
-1.0,5,4.85303,False
-1.0,13,4.864165,False
-1.0,10,4.872759,False
-1.0,6,4.878043,False
-1.0,10,4.885579,False
-1.0,5,4.889579,False
-1.0,7,4.895355,False
-1.0,12,4.903887,False
-1.0,3,4.906409,False
-1.0,4,4.909408,False
-1.0,2,4.912405,False
-1.0,12,4.921524,False
-1.0,5,4.925597,False
-1.0,6,4.93059,False
-1.0,4,4.933589,False
-1.0,3,4.935928,False
-1.0,9,4.943168,False
-1.0,10,4.950676,False
-1.0,4,4.953676,False
-1.0,3,4.957072,False
-1.0,9,4.963358,False
-1.0,9,4.969883,False
-1.0,6,4.975047,False
-1.0,7,4.980572,False
-1.0,7,4.985565,False
-1.0,11,4.993848,False
-1.0,13,5.004366,False
-1.0,14,5.014153,False
-1.0,7,5.020674,False
-1.0,5,5.023681,False
-1.0,6,5.028455,False
-1.0,7,5.033462,False
-1.0,9,5.039987,False
-1.0,7,5.046254,False
-1.0,6,5.050787,False
-1.0,9,5.05713,False
-1.0,9,5.06417,False
-1.0,9,5.070677,False
-1.0,12,5.080605,False
-1.0,15,5.092442,False
-1.0,4,5.095449,False
-1.0,8,5.101964,False
-1.0,7,5.106963,False
-1.0,19,5.121425,False
-1.0,4,5.124795,False
-1.0,9,5.13131,False
-1.0,10,5.139315,False
-1.0,17,5.152747,False
-1.0,7,5.158201,False
-1.0,6,5.162709,False
-1.0,5,5.166713,False
-1.0,15,5.177745,False
-1.0,7,5.183433,False
-1.0,3,5.186185,False
-1.0,14,5.196235,False
-1.0,4,5.199856,False
-1.0,8,5.20639,False
-1.0,11,5.214049,False
-1.0,5,5.218585,False
-1.0,8,5.22489,False
-1.0,9,5.231968,False
-1.0,15,5.243944,False
-1.0,16,5.255968,False
-1.0,7,5.261204,False
-1.0,16,5.274061,False
-1.0,6,5.278615,False
-1.0,8,5.284615,False
-1.0,15,5.295441,False
-1.0,5,5.299965,False
-1.0,10,5.307407,False
-1.0,4,5.310478,False
-1.0,6,5.315479,False
-1.0,3,5.317477,False
-1.0,12,5.326356,False
-1.0,5,5.330373,False
-1.0,10,5.338387,False
-1.0,10,5.346212,False
-1.0,11,5.354725,False
-1.0,8,5.360991,False
-1.0,2,5.361986,False
-1.0,4,5.36499,False
-1.0,21,5.382239,False
-1.0,10,5.389239,False
-1.0,15,5.401873,False
-1.0,8,5.407657,False
-1.0,2,5.409651,False
-1.0,7,5.415163,False
-1.0,4,5.418163,False
-1.0,12,5.427924,False
-1.0,6,5.43293,False
-1.0,3,5.434531,False
-1.0,15,5.446967,False
-1.0,9,5.452967,False
-1.0,6,5.457819,False
-1.0,4,5.460816,False
-1.0,14,5.471344,False
-1.0,12,5.480752,False
-1.0,4,5.483752,False
-1.0,15,5.847686,False
-1.0,12,5.861176,False
-1.0,3,5.864177,False
-1.0,8,5.871679,False
-1.0,16,5.888558,False
-1.0,6,5.894459,False
-1.0,9,5.903471,False
-1.0,8,5.9109,False
-1.0,19,5.931418,False
-1.0,20,5.951833,False
-1.0,3,5.955335,False
-1.0,9,5.96533,False
-1.0,2,5.966841,False
-1.0,8,5.975845,False
-1.0,15,5.991459,False
-1.0,5,5.994972,False
-1.0,9,6.003488,False
-1.0,8,6.010917,False
-1.0,13,6.023866,False
-1.0,15,6.037387,False
-1.0,7,6.043322,False
-1.0,6,6.048841,False
-1.0,14,6.060756,False
-1.0,12,6.071276,False
-1.0,7,6.077559,False
-1.0,9,6.086084,False
-1.0,8,6.091981,False
-1.0,15,6.104421,False
-1.0,12,6.113824,False
-1.0,11,6.121868,False
-1.0,7,6.127244,False
-1.0,9,6.133789,False
-1.0,14,6.144744,False
-1.0,6,6.148744,False
-1.0,4,6.151744,False
-1.0,12,6.161496,False
-1.0,5,6.166001,False
-1.0,16,6.178001,False
-1.0,9,6.185518,False
-1.0,8,6.191242,False
-1.0,8,6.197322,False
-1.0,9,6.204591,False
-1.0,6,6.209437,False
-1.0,5,6.212963,False
-1.0,9,6.220124,False
-1.0,10,6.226901,False
-1.0,11,6.23592,False
-1.0,4,6.23945,False
-1.0,9,6.245833,False
-1.0,11,6.254359,False
-1.0,8,6.261157,False
-1.0,16,6.27268,False
-1.0,12,6.281592,False
-1.0,9,6.289099,False
-1.0,8,6.295933,False
-1.0,8,6.301842,False
-1.0,15,6.314804,False
-1.0,6,6.318812,False
-1.0,12,6.327687,False
-1.0,5,6.332269,False
-1.0,6,6.336266,False
-1.0,5,6.340273,False
-1.0,9,6.347185,False
-1.0,8,6.352711,False
-1.0,6,6.356773,False
-1.0,7,6.36272,False
-1.0,5,6.366721,False
-1.0,7,6.371599,False
-1.0,5,6.376461,False
-1.0,8,6.38146,False
-1.0,10,6.388999,False
-1.0,3,6.391249,False
-1.0,10,6.398848,False
-1.0,14,6.409622,False
-1.0,10,6.417145,False
-1.0,7,6.422146,False
-1.0,10,6.430466,False
-1.0,12,6.439981,False
-1.0,6,6.444252,False
-1.0,11,6.452768,False
-1.0,25,6.472056,False
-1.0,14,6.482852,False
-1.0,4,6.485851,False
-1.0,10,6.494174,False
-1.0,9,6.50146,False
-1.0,17,6.514511,False
-1.0,8,6.520028,False
-1.0,5,6.523547,False
-1.0,14,6.534826,False
-1.0,8,6.540349,False
-1.0,8,6.546619,False
-1.0,18,6.56091,False
-1.0,3,6.562911,False
-1.0,7,6.568911,False
-1.0,15,6.580278,False
-1.0,10,6.588367,False
-1.0,5,6.592264,False
-1.0,6,7.494203,False
-1.0,14,7.505928,False
-1.0,7,7.511452,False
-1.0,12,7.520515,False
-1.0,17,7.533879,False
-1.0,7,7.538879,False
-1.0,6,7.54381,False
-1.0,14,7.554341,False
-1.0,10,7.561341,False
-1.0,13,7.572302,False
-1.0,12,7.580776,False
-1.0,8,7.970566,False
-1.0,12,7.982685,False
-1.0,9,7.9923,False
-1.0,7,7.9993,False
-1.0,3,8.001802,False
-1.0,10,8.010728,False
-1.0,11,8.021233,False
-1.0,7,8.02874,False
-1.0,5,8.034245,False
-1.0,3,8.038245,False
-1.0,6,8.044245,False
-1.0,6,8.051245,False
-1.0,10,8.061751,False
-1.0,9,8.070266,False
-1.0,5,8.074767,False
-1.0,11,8.08377,False
-1.0,6,8.089275,False
-1.0,4,8.092817,False
-1.0,6,8.098323,False
-1.0,7,8.104322,False
-1.0,10,8.114336,False
-1.0,11,8.125835,False
-1.0,17,8.140315,False
-1.0,14,8.155838,False
-1.0,3,8.158894,False
-1.0,13,8.171426,False
-1.0,12,8.182281,False
-1.0,5,8.186281,False
-1.0,10,8.194601,False
-1.0,15,8.207346,False
-1.0,8,8.214126,False
-1.0,14,8.224894,False
-1.0,17,8.236931,False
-1.0,5,8.239931,False
-1.0,8,8.246712,False
-1.0,9,8.253211,False
-1.0,9,8.260694,False
-1.0,8,8.266222,False
-1.0,11,8.275159,False
-1.0,8,8.281153,False
-1.0,8,8.286692,False
-1.0,5,8.290693,False
-1.0,9,8.297501,False
-1.0,16,8.309878,False
-1.0,17,8.323405,False
-1.0,13,8.333505,False
-1.0,10,8.340435,False
-1.0,11,8.34876,False
-1.0,18,8.362416,False
-1.0,9,8.368955,False
-1.0,4,8.371955,False
-1.0,16,8.383756,False
-1.0,10,8.391564,False
-1.0,7,8.396558,False
-1.0,7,8.402071,False
-1.0,9,8.409746,False
-1.0,8,8.415742,False
-1.0,13,8.425684,False
-1.0,6,8.430801,False
-1.0,13,8.440768,False
-1.0,7,8.445788,False
-1.0,14,8.457668,False
-1.0,11,8.465219,False
-1.0,4,8.468218,False
-1.0,13,8.479064,False
-1.0,11,8.487587,False
-1.0,6,8.491459,False
-1.0,14,8.50298,False
-1.0,12,8.512411,False
-1.0,11,8.520562,False
-1.0,11,8.529039,False
-1.0,7,8.534571,False
-1.0,4,8.538571,False
-1.0,6,8.542055,False
-1.0,7,8.54859,False
-1.0,6,8.552581,False
-1.0,5,8.556479,False
-1.0,10,8.563502,False
-1.0,7,8.569176,False
-1.0,9,8.576108,False
-1.0,17,8.58878,False
-1.0,7,8.594237,False
-1.0,3,8.596665,False
-1.0,7,8.601665,False
-1.0,6,8.606601,False
-1.0,2,8.608192,False
-1.0,13,8.61871,False
-1.0,7,8.62498,False
-1.0,8,8.630867,False
-1.0,8,8.637454,False
-1.0,16,8.649368,False
-1.0,4,8.652368,False
-1.0,4,8.656368,False
-1.0,11,8.664355,False
-1.0,5,8.668355,False
-1.0,4,8.670878,False
-1.0,10,8.679707,False
-1.0,8,8.685706,False
-1.0,11,8.693661,False
-1.0,10,8.702168,False
-1.0,14,8.713102,False
-1.0,10,8.720612,False
-1.0,4,8.723626,False
-1.0,7,8.72902,False
-1.0,8,8.734543,False
-1.0,10,8.74244,False
-1.0,3,8.745447,False
-1.0,4,8.748447,False
-1.0,6,8.752865,False
-1.0,5,8.755876,False
-1.0,8,8.762297,False
-1.0,8,8.768808,False
-1.0,4,8.771822,False
-1.0,15,8.783319,False
-1.0,3,8.786329,False
-1.0,6,8.790329,False
-1.0,4,8.794115,False
-1.0,4,8.797121,False
-1.0,13,9.172645,False
-1.0,3,9.175335,False
-1.0,6,9.180335,False
-1.0,6,9.185852,False
-1.0,12,9.195982,False
-1.0,5,9.199983,False
-1.0,10,9.209003,False
-1.0,15,9.222512,False
-1.0,13,9.233463,False
-1.0,2,9.23494,False
-1.0,8,9.243824,False
-1.0,16,9.259792,False
-1.0,4,9.264294,False
-1.0,10,9.274386,False
-1.0,3,9.27739,False
-1.0,8,9.285894,False
-1.0,5,9.291374,False
-1.0,13,9.304878,False
-1.0,6,9.311978,False
-1.0,11,9.322483,False
-1.0,13,9.335746,False
-1.0,6,9.341787,False
-1.0,7,9.349292,False
-1.0,6,9.355795,False
-1.0,5,9.360858,False
-1.0,6,9.366096,False
-1.0,9,9.373954,False
-1.0,12,9.384129,False
-1.0,17,9.397969,False
-1.0,9,9.406495,False
-1.0,5,9.409127,False
-1.0,13,9.420288,False
-1.0,9,9.427251,False
-1.0,11,9.435776,False
-1.0,10,9.443756,False
-1.0,14,9.454278,False
-1.0,6,9.458699,False
-1.0,10,9.466218,False
-1.0,7,9.471729,False
-1.0,12,9.48199,False
-1.0,11,9.490507,False
-1.0,16,9.502891,False
-1.0,8,9.509262,False
-1.0,12,9.518432,False
-1.0,11,9.527759,False
-1.0,10,9.535283,False
-1.0,12,9.544049,False
-1.0,10,9.553055,False
-1.0,8,9.558846,False
-1.0,3,9.561844,False
-1.0,14,9.572369,False
-1.0,7,9.578157,False
-1.0,3,9.580163,False
-1.0,8,9.586689,False
-1.0,10,9.59402,False
-1.0,12,9.60354,False
-1.0,4,9.606541,False
-1.0,3,9.607938,False
-1.0,11,9.617489,False
-1.0,10,9.625684,False
-1.0,6,9.630281,False
-1.0,9,9.637358,False
-1.0,7,9.643481,False
-1.0,10,9.651157,False
-1.0,8,9.657676,False
-1.0,12,9.666013,False
-1.0,13,9.676958,False
-1.0,2,9.678468,False
-1.0,3,9.680485,False
-1.0,6,9.685483,False
-1.0,6,9.690014,False
-1.0,5,9.694013,False
-1.0,5,9.698013,False
-1.0,8,9.704553,False
-1.0,7,9.708899,False
-1.0,8,9.715941,False
-1.0,10,9.723221,False
-1.0,8,9.729489,False
-1.0,7,9.734999,False
-1.0,6,9.740005,False
-1.0,7,9.744894,False
-1.0,6,9.748894,False
-1.0,8,9.755405,False
-1.0,21,9.772341,False
-1.0,7,9.777801,False
-1.0,7,9.783302,False
-1.0,6,9.788312,False
-1.0,10,9.796293,False
-1.0,18,9.810838,False
-1.0,6,9.815629,False
-1.0,9,9.821629,False
-1.0,6,9.826049,False
-1.0,8,9.833049,False
-1.0,11,9.840976,False
-1.0,10,9.849521,False
-1.0,16,9.861716,False
-1.0,11,9.86924,False
-1.0,15,9.880197,False
-1.0,11,9.888723,False
-1.0,6,9.894134,False
-1.0,6,9.898653,False
-1.0,8,9.904653,False
-1.0,16,9.917638,False
-1.0,8,9.924257,False
-1.0,15,9.9361,False
-1.0,2,9.938107,False
-1.0,11,9.947043,False
-1.0,13,9.957459,False
-1.0,4,9.960455,False
-1.0,10,9.968495,False
-1.0,11,9.977439,False
-1.0,14,9.988632,False
-1.0,9,9.996191,False
-1.0,7,10.00219,False
-1.0,7,10.007156,False
-1.0,10,10.384441,False
-1.0,10,10.39415,False
-1.0,20,10.422516,False
-1.0,5,10.431005,False
-1.0,14,10.446432,False
-1.0,6,10.452934,False
-1.0,3,10.455937,False
-1.0,11,10.46797,False
-1.0,3,10.47097,False
-1.0,13,10.481435,False
-1.0,4,10.485939,False
-1.0,15,10.502002,False
-1.0,5,10.507965,False
-1.0,13,10.519476,False
-1.0,10,10.529057,False
-1.0,20,10.546072,False
-1.0,23,10.56947,False
-1.0,11,10.579548,False
-1.0,8,10.586555,False
-1.0,13,10.597453,False
-1.0,12,10.606977,False
-1.0,14,10.618839,False
-1.0,2,10.621364,False
-1.0,12,10.631007,False
-1.0,10,10.638023,False
-1.0,10,10.646401,False
-1.0,4,10.649401,False
-1.0,8,10.654938,False
-1.0,9,10.661326,False
-1.0,9,10.668841,False
-1.0,7,10.673701,False
-1.0,12,10.681719,False
-1.0,12,10.691628,False
-1.0,7,10.69715,False
-1.0,9,10.70315,False
-1.0,10,10.71003,False
-1.0,10,10.718312,False
-1.0,13,10.730034,False
-1.0,10,10.737549,False
-1.0,3,10.740556,False
-1.0,12,10.750988,False
-1.0,11,10.759495,False
-1.0,6,10.764576,False
-1.0,15,10.777668,False
-1.0,6,10.781667,False
-1.0,2,10.783667,False
-1.0,14,10.794044,False
-1.0,13,10.804882,False
-1.0,3,10.807187,False
-1.0,8,10.814332,False
-1.0,18,10.828884,False
-1.0,9,10.83589,False
-1.0,4,10.838417,False
-1.0,11,10.848703,False
-1.0,13,10.860187,False
-1.0,15,10.872705,False
-1.0,7,10.879094,False
-1.0,8,10.885617,False
-1.0,4,10.888624,False
-1.0,7,10.894501,False
-1.0,10,10.901013,False
-1.0,9,10.908437,False
-1.0,8,10.914327,False
-1.0,5,10.919499,False
-1.0,8,10.924405,False
-1.0,8,10.930643,False
-1.0,10,10.93915,False
-1.0,8,10.945184,False
-1.0,11,10.9547,False
-1.0,10,10.961233,False
-1.0,9,10.968761,False
-1.0,11,10.976646,False
-1.0,7,10.983641,False
-1.0,11,10.991614,False
-1.0,8,10.997784,False
-1.0,11,11.006305,False
-1.0,4,11.008692,False
-1.0,10,11.01675,False
-1.0,5,11.020757,False
-1.0,7,11.026862,False
-1.0,11,11.034386,False
-1.0,8,11.041327,False
-1.0,8,11.048878,False
-1.0,13,11.058467,False
-1.0,10,11.065482,False
-1.0,11,11.07401,False
-1.0,7,11.079122,False
-1.0,11,11.08713,False
-1.0,15,11.098058,False
-1.0,11,11.107063,False
-1.0,9,11.113613,False
-1.0,5,11.118655,False
-1.0,4,11.121166,False
-1.0,13,11.13055,False
-1.0,11,11.13973,False
-1.0,5,11.142603,False
-1.0,4,11.146601,False
-1.0,5,11.150608,False
-1.0,16,11.161509,False
-1.0,3,11.16503,False
-1.0,9,11.172036,False
-1.0,8,11.178427,False
-1.0,13,11.187568,False
-1.0,11,11.196567,False
-1.0,11,11.203567,False
-1.0,8,11.210488,False
-1.0,8,11.216009,False
-1.0,13,11.226319,False
-1.0,17,11.595787,False
-1.0,10,11.604295,False
-1.0,5,11.608706,False
-1.0,11,11.619304,False
-1.0,5,11.624301,False
-1.0,8,11.632921,False
-1.0,11,11.642811,False
-1.0,4,11.645814,False
-1.0,16,11.66173,False
-1.0,19,11.681907,False
-1.0,13,11.692009,False
-1.0,13,11.704514,False
-1.0,9,11.713454,False
-1.0,12,11.724518,False
-1.0,12,11.736661,False
-1.0,9,11.745232,False
-1.0,9,11.755737,False
-1.0,8,11.763698,False
-1.0,17,11.779169,False
-1.0,11,11.791197,False
-1.0,7,11.798202,False
-1.0,7,11.803725,False
-1.0,15,11.815952,False
-1.0,15,11.829041,False
-1.0,10,11.83756,False
-1.0,15,11.848359,False
-1.0,4,11.851861,False
-1.0,17,11.865329,False
-1.0,8,11.87099,False
-1.0,10,11.878909,False
-1.0,12,11.888427,False
-1.0,8,11.894427,False
-1.0,9,11.901426,False
-1.0,8,11.907224,False
-1.0,7,11.913216,False
-1.0,4,11.916654,False
-1.0,8,11.921705,False
-1.0,7,11.927382,False
-1.0,5,11.931916,False
-1.0,11,11.93944,False
-1.0,14,11.951228,False
-1.0,10,11.95901,False
-1.0,12,11.967616,False
-1.0,8,11.973987,False
-1.0,11,11.982516,False
-1.0,10,11.990476,False
-1.0,8,11.996499,False
-1.0,15,12.007097,False
-1.0,7,12.012243,False
-1.0,11,12.020799,False
-1.0,6,12.024829,False
-1.0,12,12.034355,False
-1.0,7,12.040166,False
-1.0,13,12.050186,False
-1.0,10,12.05812,False
-1.0,5,12.061646,False
-1.0,15,12.073453,False
-1.0,4,12.076475,False
-1.0,6,12.081475,False
-1.0,13,12.092171,False
-1.0,7,12.097704,False
-1.0,12,12.106608,False
-1.0,7,12.111629,False
-1.0,7,12.117157,False
-1.0,9,12.124173,False
-1.0,14,12.134389,False
-1.0,22,12.152016,False
-1.0,6,12.15553,False
-1.0,8,12.162083,False
-1.0,6,12.167596,False
-1.0,9,12.173928,False
-1.0,13,12.184629,False
-1.0,8,12.190156,False
-1.0,7,12.195411,False
-1.0,3,12.197939,False
-1.0,7,12.202943,False
-1.0,15,12.214852,False
-1.0,12,12.223801,False
-1.0,11,12.232339,False
-1.0,5,12.235854,False
-1.0,6,12.241409,False
-1.0,10,12.248396,False
-1.0,8,12.255436,False
-1.0,7,12.260188,False
-1.0,9,12.267192,False
-1.0,13,12.276928,False
-1.0,14,12.286448,False
-1.0,10,12.294716,False
-1.0,9,12.300716,False
-1.0,6,12.306233,False
-1.0,5,12.309717,False
-1.0,10,12.317248,False
-1.0,9,12.323731,False
-1.0,3,12.326744,False
-1.0,11,12.334885,False
-1.0,16,12.346933,False
-1.0,5,12.349939,False
-1.0,4,12.352932,False
-1.0,21,12.36972,False
-1.0,10,12.377684,False
-1.0,10,12.384684,False
-1.0,6,12.39021,False
-1.0,20,12.404878,False
-1.0,10,12.413188,False
-1.0,8,12.4187,False
-1.0,10,12.799163,False
-1.0,7,12.806667,False
-1.0,17,12.822482,False
-1.0,4,12.826588,False
-1.0,9,12.834682,False
-1.0,15,12.85019,False
-1.0,9,12.858114,False
-1.0,8,12.865113,False
-1.0,6,12.871619,False
-1.0,3,12.874619,False
-1.0,14,12.888629,False
-1.0,12,12.900511,False
-1.0,4,12.904503,False
-1.0,9,12.912007,False
-1.0,6,12.917007,False
-1.0,9,12.924573,False
-1.0,6,12.931186,False
-1.0,8,12.939189,False
-1.0,5,12.943693,False
-1.0,8,12.952199,False
-1.0,5,12.957199,False
-1.0,5,12.962703,False
-1.0,4,12.966703,False
-1.0,11,12.978342,False
-1.0,4,12.981848,False
-1.0,12,12.992354,False
-1.0,17,13.008888,False
-1.0,14,13.020401,False
-1.0,8,13.027011,False
-1.0,12,13.037148,False
-1.0,9,13.046545,False
-1.0,14,13.058817,False
-1.0,11,13.068337,False
-1.0,9,13.074854,False
-1.0,7,13.080858,False
-1.0,14,13.092084,False
-1.0,10,13.10016,False
-1.0,7,13.105664,False
-1.0,12,13.113678,False
-1.0,7,13.119194,False
-1.0,13,13.129476,False
-1.0,10,13.137638,False
-1.0,13,13.14915,False
-1.0,13,13.158656,False
-1.0,5,13.162657,False
-1.0,9,13.169182,False
-1.0,10,13.177181,False
-1.0,13,13.187702,False
-1.0,13,13.197232,False
-1.0,15,13.208758,False
-1.0,7,13.214276,False
-1.0,6,13.219276,False
-1.0,3,13.221805,False
-1.0,10,13.230926,False
-1.0,15,13.242195,False
-1.0,3,13.244191,False
-1.0,12,13.254726,False
-1.0,8,13.260711,False
-1.0,7,13.267225,False
-1.0,6,13.271225,False
-1.0,8,13.278736,False
-1.0,10,13.28627,False
-1.0,11,13.295777,False
-1.0,10,13.302783,False
-1.0,12,13.313305,False
-1.0,13,13.322833,False
-1.0,14,13.334511,False
-1.0,14,13.344214,False
-1.0,13,13.354724,False
-1.0,8,13.360612,False
-1.0,5,13.364613,False
-1.0,11,13.373137,False
-1.0,11,13.381883,False
-1.0,17,13.39473,False
-1.0,7,13.400257,False
-1.0,6,13.404257,False
-1.0,5,13.408261,False
-1.0,16,13.420309,False
-1.0,8,13.426681,False
-1.0,9,13.433881,False
-1.0,16,13.446099,False
-1.0,16,13.458934,False
-1.0,9,14.429028,False
-1.0,9,14.435562,False
-1.0,11,14.44383,False
-1.0,13,14.453357,False
-1.0,13,14.463887,False
-1.0,11,14.471881,False
-1.0,12,14.481398,False
-1.0,17,14.494806,False
-1.0,12,14.503804,False
-1.0,8,14.510665,False
-1.0,16,14.523333,False
-1.0,8,14.529202,False
-1.0,11,14.537396,False
-1.0,7,14.542762,False
-1.0,16,14.555285,False
-1.0,18,14.568704,False
-1.0,6,14.573884,False
-1.0,9,14.580677,False
-1.0,10,14.588191,False
-1.0,8,14.594495,False
-1.0,11,14.603003,False
-1.0,11,14.978968,False
-1.0,6,14.984469,False
-1.0,8,14.993472,False
-1.0,8,15.001977,False
-1.0,11,15.013866,False
-1.0,6,15.020384,False
-1.0,10,15.029827,False
-1.0,17,15.043788,False
-1.0,11,15.054294,False
-1.0,15,15.070212,False
-1.0,15,15.086742,False
-1.0,6,15.09265,False
-1.0,4,15.095651,False
-1.0,7,15.102156,False
-1.0,9,15.110193,False
-1.0,15,15.122697,False
-1.0,12,15.133847,False
-1.0,8,15.141069,False
-1.0,3,15.143738,False
-1.0,12,15.156765,False
-1.0,13,15.16929,False
-1.0,15,15.183589,False
-1.0,8,15.190591,False
-1.0,12,15.201037,False
-1.0,7,15.206563,False
-1.0,17,15.221455,False
-1.0,14,15.233001,False
-1.0,12,15.242203,False
-1.0,10,15.2497,False
-1.0,13,15.259514,False
-1.0,13,15.270041,False
-1.0,6,15.27443,False
-1.0,13,15.283945,False
-1.0,14,15.294757,False
-1.0,8,15.300288,False
-1.0,8,15.306284,False
-1.0,15,15.31702,False
-1.0,16,15.330344,False
-1.0,6,15.334389,False
-1.0,14,15.345466,False
-1.0,8,15.352448,False
-1.0,9,15.357969,False
-1.0,9,15.36587,False
-1.0,2,15.367491,False
-1.0,19,15.381622,False
-1.0,11,15.389146,False
-1.0,11,15.398846,False
-1.0,10,15.406357,False
-1.0,3,15.40863,False
-1.0,8,15.415141,False
-1.0,3,15.417141,False
-1.0,6,15.422141,False
-1.0,8,15.427732,False
-1.0,16,15.440396,False
-1.0,13,15.451153,False
-1.0,5,15.454659,False
-1.0,18,15.468575,False
-1.0,6,15.473576,False
-1.0,16,15.484508,False
-1.0,8,15.490375,False
-1.0,14,15.50092,False
-1.0,19,15.515777,False
-1.0,11,15.524907,False
-1.0,7,15.530429,False
-1.0,6,15.534628,False
-1.0,8,15.541077,False
-1.0,13,15.551222,False
-1.0,4,15.554222,False
-1.0,11,15.56207,False
-1.0,8,15.568078,False
-1.0,7,15.573987,False
-1.0,13,15.583498,False
-1.0,13,15.592827,False
-1.0,7,15.598824,False
-1.0,12,15.607712,False
-1.0,8,15.613244,False
-1.0,13,15.623503,False
-1.0,7,15.628882,False
-1.0,14,15.63942,False
-1.0,9,15.646381,False
-1.0,17,15.659557,False
-1.0,8,15.666063,False
-1.0,7,15.671062,False
-1.0,10,15.678899,False
-1.0,11,15.687432,False
-1.0,10,15.69488,False
-1.0,10,15.702183,False
-1.0,12,15.711113,False
-1.0,15,15.723491,False
-1.0,16,15.734954,False
-1.0,8,15.741617,False
-1.0,21,15.757728,False
-1.0,9,15.764748,False
-1.0,6,15.769262,False
-1.0,6,15.773637,False
-1.0,15,15.78518,False
-1.0,12,15.793999,False
-1.0,13,15.803381,False
-1.0,7,16.18503,False
-1.0,12,16.195069,False
-1.0,7,16.201575,False
-1.0,9,16.208968,False
-1.0,16,16.222474,False
-1.0,13,16.233347,False
-1.0,8,16.241422,False
-1.0,14,16.253156,False
-1.0,9,16.262612,False
-1.0,16,16.276533,False
-1.0,4,16.279533,False
-1.0,12,16.291972,False
-1.0,18,16.309988,False
-1.0,13,16.321493,False
-1.0,8,16.328445,False
-1.0,7,16.33595,False
-1.0,5,16.340333,False
-1.0,4,16.344976,False
-1.0,10,16.355584,False
-1.0,14,16.371186,False
-1.0,9,16.379784,False
-1.0,17,16.395566,False
-1.0,6,16.400576,False
-1.0,8,16.407466,False
-1.0,14,16.417988,False
-1.0,16,16.430754,False
-1.0,12,16.440136,False
-1.0,6,16.44468,False
-1.0,11,16.453202,False
-1.0,10,16.460999,False
-1.0,7,16.465999,False
-1.0,13,16.475789,False
-1.0,11,16.484303,False
-1.0,19,16.499094,False
-1.0,19,16.513551,False
-1.0,9,16.520756,False
-1.0,6,16.525324,False
-1.0,16,16.537372,False
-1.0,7,16.542709,False
-1.0,9,16.549952,False
-1.0,12,16.558925,False
-1.0,9,16.566528,False
-1.0,10,16.574302,False
-1.0,11,16.582796,False
-1.0,11,16.590817,False
-1.0,13,16.601333,False
-1.0,13,16.611089,False
-1.0,6,16.616614,False
-1.0,7,16.621614,False
-1.0,12,16.630575,False
-1.0,9,16.637628,False
-1.0,8,16.643093,False
-1.0,11,16.651631,False
-1.0,5,16.654631,False
-1.0,15,16.66711,False
-1.0,10,16.674565,False
-1.0,12,16.683086,False
-1.0,8,16.689604,False
-1.0,12,16.698538,False
-1.0,2,16.699537,False
-1.0,11,16.707915,False
-1.0,6,16.711924,False
-1.0,11,16.720456,False
-1.0,11,16.728838,False
-1.0,7,16.73336,False
-1.0,5,16.736873,False
-1.0,7,16.742259,False
-1.0,14,16.752785,False
-1.0,10,16.761177,False
-1.0,14,16.771697,False
-1.0,7,16.776991,False
-1.0,11,16.785528,False
-1.0,19,16.799435,False
-1.0,15,16.810706,False
-1.0,11,16.819221,False
-1.0,22,16.835168,False
-1.0,9,16.842026,False
-1.0,17,16.855075,False
-1.0,17,16.867843,False
-1.0,13,16.877841,False
-1.0,14,16.88821,False
-1.0,15,16.899156,False
-1.0,5,16.903156,False
-1.0,6,16.908067,False
-1.0,18,16.92059,False
-1.0,9,16.928558,False
-1.0,15,16.938584,False
-1.0,9,16.946524,False
-1.0,13,16.956568,False
-1.0,8,16.963029,False
-1.0,10,16.969542,False
-1.0,10,16.977444,False
-1.0,22,16.99379,False
-1.0,20,17.388648,False
-1.0,9,17.398459,False
-1.0,17,17.415079,False
-1.0,6,17.420584,False
-1.0,12,17.431652,False
-1.0,8,17.440522,False
-1.0,8,17.44903,False
-1.0,8,17.456912,False
-1.0,14,17.470427,False
-1.0,17,17.485854,False
-1.0,10,17.496781,False
-1.0,22,17.517842,False
-1.0,11,17.528372,False
-1.0,15,17.543757,False
-1.0,9,17.554263,False
-1.0,12,17.567183,False
-1.0,19,17.584277,False
-1.0,7,17.59037,False
-1.0,12,17.600656,False
-1.0,16,17.613451,False
-1.0,7,17.618964,False
-1.0,5,17.622979,False
-1.0,12,17.631752,False
-1.0,19,17.646465,False
-1.0,16,17.658814,False
-1.0,14,17.670344,False
-1.0,5,17.673867,False
-1.0,20,17.68939,False
-1.0,10,17.696193,False
-1.0,13,17.705718,False
-1.0,15,17.717486,False
-1.0,8,17.723939,False
-1.0,13,17.733959,False
-1.0,16,17.745874,False
-1.0,13,17.755399,False
-1.0,14,17.765692,False
-1.0,9,17.773083,False
-1.0,12,17.781635,False
-1.0,15,17.792554,False
-1.0,13,17.802078,False
-1.0,7,17.807493,False
-1.0,11,17.815524,False
-1.0,10,17.823216,False
-1.0,7,17.828235,False
-1.0,10,17.836532,False
-1.0,6,17.841438,False
-1.0,17,17.855714,False
-1.0,6,17.860041,False
-1.0,16,17.873091,False
-1.0,14,17.883048,False
-1.0,16,17.895427,False
-1.0,14,17.907248,False
-1.0,19,17.921617,False
-1.0,10,17.92944,False
-1.0,17,17.94227,False
-1.0,8,17.949332,False
-1.0,15,17.961127,False
-1.0,15,17.972178,False
-1.0,9,17.978959,False
-1.0,15,17.990757,False
-1.0,15,18.001258,False
-1.0,5,18.005258,False
-1.0,8,18.011611,False
-1.0,9,18.019144,False
-1.0,5,18.023138,False
-1.0,7,18.028067,False
-1.0,14,18.038593,False
-1.0,9,18.04498,False
-1.0,2,18.046979,False
-1.0,10,18.054501,False
-1.0,10,18.061493,False
-1.0,15,18.073547,False
-1.0,13,18.082433,False
-1.0,13,18.092762,False
-1.0,11,18.101261,False
-1.0,14,18.112279,False
-1.0,6,18.116281,False
-1.0,7,18.121798,False
-1.0,12,18.1311,False
-1.0,14,18.140962,False
-1.0,16,18.155147,False
-1.0,8,18.160703,False
-1.0,6,18.165231,False
-1.0,5,18.169231,False
-1.0,7,18.173742,False
-1.0,8,18.180764,False
-1.0,12,18.189284,False
-1.0,13,18.199784,False
-1.0,8,18.20529,False
-1.0,16,18.61151,False
-1.0,11,18.622016,False
-1.0,9,18.629466,False
-1.0,15,18.645031,False
-1.0,14,18.659605,False
-1.0,5,18.664808,False
-1.0,14,18.678865,False
-1.0,12,18.691371,False
-1.0,34,18.727155,False
-1.0,6,18.733154,False
-1.0,13,18.745641,False
-1.0,3,18.748153,False
-1.0,10,18.757741,False
-1.0,10,18.76625,False
-1.0,14,18.777185,False
-1.0,13,18.790649,False
-1.0,18,18.808734,False
-1.0,15,18.822093,False
-1.0,5,18.82649,False
-1.0,20,18.843845,False
-1.0,5,18.847869,False
-1.0,9,18.855382,False
-1.0,12,18.864818,False
-1.0,6,18.868818,False
-1.0,17,18.882669,False
-1.0,16,18.894194,False
-1.0,12,18.903721,False
-1.0,7,18.909032,False
-1.0,13,18.918564,False
-1.0,9,18.926504,False
-1.0,14,18.936773,False
-1.0,20,18.951322,False
-1.0,19,18.966567,False
-1.0,15,18.977862,False
-1.0,13,18.98686,False
-1.0,9,18.9944,False
-1.0,5,18.997921,False
-1.0,16,19.01075,False
-1.0,6,19.01575,False
-1.0,25,19.03523,False
-1.0,9,19.041586,False
-1.0,9,19.048645,False
-1.0,17,19.06168,False
-1.0,5,19.065679,False
-1.0,10,19.073557,False
-1.0,4,19.076576,False
-1.0,16,19.088103,False
-1.0,11,19.09651,False
-1.0,12,19.105018,False
-1.0,15,19.116623,False
-1.0,10,19.124084,False
-1.0,11,19.133608,False
-1.0,11,19.141929,False
-1.0,18,19.156028,False
-1.0,7,19.161437,False
-1.0,12,19.170478,False
-1.0,18,19.183585,False
-1.0,17,19.197294,False
-1.0,16,19.210088,False
-1.0,12,19.218685,False
-1.0,11,19.227197,False
-1.0,12,19.236211,False
-1.0,15,19.249141,False
-1.0,10,19.256495,False
-1.0,15,19.26757,False
-1.0,6,19.273086,False
-1.0,19,19.28704,False
-1.0,9,19.293506,False
-1.0,8,19.300498,False
-1.0,14,19.309403,False
-1.0,6,19.314924,False
-1.0,11,19.322841,False
-1.0,15,19.334386,False
-1.0,14,19.344352,False
-1.0,13,19.354027,False
-1.0,10,19.362344,False
-1.0,22,19.378735,False
-1.0,9,19.38527,False
-1.0,7,19.390268,False
-1.0,18,19.405459,False
-1.0,14,19.415635,False
-1.0,14,19.426537,False
-1.0,9,19.433542,False
-1.0,13,19.809814,False
-1.0,18,19.8288,False
-1.0,11,19.839303,False
-1.0,13,19.852376,False
-1.0,14,19.866981,False
-1.0,9,19.876584,False
-1.0,19,19.896023,False
-1.0,17,19.913028,False
-1.0,6,19.918533,False
-1.0,9,19.928136,False
-1.0,7,19.935136,False
-1.0,6,19.942155,False
-1.0,15,19.958264,False
-1.0,24,19.98212,False
-1.0,11,19.994013,False
-1.0,7,20.001519,False
-1.0,12,20.011557,False
-1.0,19,20.028832,False
-1.0,16,20.040353,False
-1.0,8,20.046652,False
-1.0,5,20.051178,False
-1.0,14,20.060951,False
-1.0,10,20.069475,False
-1.0,20,20.084404,False
-1.0,10,20.09173,False
-1.0,24,20.111028,False
-1.0,16,20.122552,False
-1.0,13,20.132312,False
-1.0,9,20.139838,False
-1.0,6,20.144094,False
-1.0,15,20.154707,False
-1.0,11,20.1636,False
-1.0,31,20.187608,False
-1.0,13,20.196538,False
-1.0,8,20.203063,False
-1.0,17,20.215459,False
-1.0,10,20.224355,False
-1.0,14,20.233874,False
-1.0,12,20.243345,False
-1.0,7,20.248755,False
-1.0,6,20.254302,False
-1.0,8,20.260769,False
-1.0,8,20.267287,False
-1.0,15,20.278783,False
-1.0,28,20.300833,False
-1.0,10,20.308745,False
-1.0,3,20.310737,False
-1.0,26,20.330551,False
-1.0,9,20.337082,False
-1.0,11,20.346537,False
-1.0,12,20.355265,False
-1.0,14,20.366537,False
-1.0,8,24.055109,False
-1.0,8,24.060963,False
-1.0,7,24.067536,False
-1.0,10,24.074561,False
-1.0,11,24.08408,False
-1.0,15,24.09557,False
-1.0,8,24.102103,False
-1.0,17,24.115635,False
-1.0,10,24.122147,False
-1.0,13,24.133688,False
-1.0,14,24.143621,False
-1.0,11,24.152625,False
-1.0,11,24.160643,False
-1.0,18,24.174603,False
-1.0,12,24.183143,False
-1.0,6,24.188667,False
-1.0,10,24.195544,False
-1.0,11,24.20455,False
-1.0,21,24.219877,False
-1.0,7,24.225195,False
-1.0,7,24.23072,False
-1.0,16,24.242624,False
-1.0,13,24.252508,False
-1.0,5,24.256031,False
-1.0,13,24.265578,False
-1.0,9,24.272668,False
-1.0,14,24.282614,False
-1.0,7,24.287614,False
-1.0,2,24.289125,False
-1.0,8,24.294949,False
-1.0,15,24.306795,False
-1.0,12,24.316309,False
-1.0,4,24.319308,False
-1.0,17,24.71412,False
-1.0,9,24.722624,False
-1.0,13,24.733686,False
-1.0,10,24.742876,False
-1.0,16,24.757989,False
-1.0,12,24.768999,False
-1.0,8,24.777467,False
-1.0,13,24.789909,False
-1.0,11,24.800929,False
-1.0,17,24.81583,False
-1.0,10,24.825711,False
-1.0,11,24.837214,False
-1.0,23,24.860754,False
-1.0,8,24.869265,False
-1.0,18,24.887179,False
-1.0,15,24.903012,False
-1.0,26,24.925312,False
-1.0,25,24.946185,False
-1.0,7,24.952198,False
-1.0,14,24.963012,False
-1.0,15,24.974483,False
-1.0,15,24.986004,False
-1.0,13,24.996574,False
-1.0,19,25.011108,False
-1.0,8,25.017109,False
-1.0,17,25.02894,False
-1.0,6,25.034464,False
-1.0,8,25.039861,False
-1.0,9,25.047395,False
-1.0,26,25.067424,False
-1.0,21,25.083004,False
-1.0,13,25.091917,False
-1.0,21,25.108354,False
-1.0,12,25.117878,False
-1.0,10,25.125614,False
-1.0,14,25.136127,False
-1.0,5,25.140518,False
-1.0,8,25.147024,False
-1.0,29,25.169538,False
-1.0,20,25.184412,False
-1.0,26,25.205016,False
-1.0,5,25.209193,False
-1.0,3,25.211045,False
-1.0,6,25.215407,False
-1.0,12,25.224436,False
-1.0,15,25.236482,False
-1.0,20,25.251447,False
-1.0,11,25.259719,False
-1.0,10,25.268243,False
-1.0,8,25.273285,False
-1.0,14,25.284075,False
-1.0,5,25.288075,False
-1.0,15,25.298953,False
-1.0,21,25.314386,False
-1.0,21,25.331225,False
-1.0,17,25.34358,False
-1.0,9,25.350587,False
-1.0,13,25.360886,False
-1.0,19,25.374757,False
-1.0,5,25.378764,False
-1.0,7,25.384288,False
-1.0,7,25.389308,False
-1.0,12,25.399046,False
-1.0,14,25.40967,False
-1.0,13,25.419196,False
-1.0,20,25.434131,False
-1.0,19,25.448519,False
-1.0,10,25.456523,False
-1.0,5,25.460284,False
-1.0,11,25.468793,False
-1.0,13,25.478307,False
-1.0,13,25.488831,False
-1.0,20,25.504196,False
-1.0,20,25.520255,False
-1.0,17,25.533097,False
-1.0,19,25.92708,False
-1.0,8,25.935585,False
-1.0,22,25.957068,False
-1.0,13,25.969812,False
-1.0,18,25.989329,False
-1.0,9,25.997908,False
-1.0,8,26.006845,False
-1.0,16,26.02386,False
-1.0,17,26.040323,False
-1.0,15,26.054828,False
-1.0,21,26.077716,False
-1.0,17,26.092708,False
-1.0,25,26.117206,False
-1.0,23,26.137476,False
-1.0,17,26.15137,False
-1.0,15,26.164255,False
-1.0,64,26.21382,False
-1.0,29,26.235727,False
-1.0,26,26.255089,False
-1.0,19,26.269671,False
-1.0,8,26.276178,False
-1.0,7,26.28117,False
-1.0,8,26.287697,False
-1.0,11,26.295174,False
-1.0,14,26.306691,False
-1.0,24,26.325133,False
-1.0,8,26.331643,False
-1.0,16,26.343628,False
-1.0,24,26.362347,False
-1.0,5,26.366358,False
-1.0,23,26.382843,False
-1.0,12,26.391736,False
-1.0,5,26.395264,False
-1.0,24,26.412688,False
-1.0,10,26.420688,False
-1.0,25,26.439973,False
-1.0,11,26.447518,False
-1.0,24,26.466858,False
-1.0,26,26.48581,False
-1.0,20,26.501876,False
-1.0,14,26.511957,False
-1.0,10,26.520007,False
-1.0,9,26.526605,False
-1.0,11,26.534619,False
-1.0,10,26.542611,False
-1.0,16,26.55528,False
-1.0,18,26.568664,False
-1.0,16,26.58049,False
-1.0,13,26.590761,False
-1.0,11,26.59827,False
-1.0,13,26.608027,False
-1.0,17,26.622057,False
-1.0,14,26.631919,False
-1.0,14,26.642308,False
-1.0,15,26.652835,False
-1.0,7,26.657836,False
-1.0,63,26.704377,False
-1.0,31,26.727669,False
-1.0,6,26.732662,False
-1.0,32,27.144914,False
-1.0,12,27.15676,False
-1.0,19,27.176223,False
-1.0,13,27.189315,False
-1.0,12,27.202324,False
-1.0,29,27.232809,False
-1.0,41,27.276693,False
-1.0,13,27.289294,False
-1.0,7,27.29671,False
-1.0,26,27.322895,False
-1.0,18,27.339779,False
-1.0,23,27.358893,False
-1.0,7,27.365305,False
-1.0,14,27.377675,False
-1.0,12,27.386212,False
-1.0,39,27.416616,False
-1.0,2,27.417615,False
-1.0,21,27.433634,False
-1.0,15,27.444525,False
-1.0,8,27.451034,False
-1.0,21,27.466498,False
-1.0,16,27.47778,False
-1.0,9,27.484786,False
-1.0,47,27.520241,False
-1.0,2,27.522241,False
-1.0,20,27.537974,False
-1.0,10,27.545987,False
-1.0,6,27.549987,False
-1.0,6,27.55451,False
-1.0,18,27.567529,False
-1.0,31,27.592227,False
-1.0,27,27.613063,False
-1.0,27,27.633344,False
-1.0,16,27.644669,False
-1.0,19,27.659554,False
-1.0,13,27.669698,False
-1.0,17,27.682079,False
-1.0,10,27.689464,False
-1.0,44,27.722445,False
-1.0,11,27.730631,False
-1.0,14,27.740528,False
-1.0,14,27.751074,False
-1.0,29,27.77587,False
-1.0,11,27.783919,False
-1.0,14,27.794912,False
-1.0,13,27.80496,False
-1.0,9,27.811966,False
-1.0,7,27.81698,False
-1.0,14,27.827909,False
-1.0,7,27.833427,False
-1.0,48,27.867692,False
-1.0,25,27.886666,False
-1.0,13,27.896145,False
-1.0,12,27.90515,False
-1.0,26,27.92435,False
-1.0,8,27.930876,False
-1.0,41,27.9699,False
-1.0,11,28.346235,False
-1.0,44,28.391582,False
-1.0,19,28.409054,False
-1.0,7,28.415559,False
-1.0,40,28.456821,False
-1.0,29,28.484354,False
-1.0,11,28.496506,False
-1.0,22,28.517488,False
-1.0,34,28.547644,False
-1.0,15,28.561476,False
-1.0,12,28.570999,False
-1.0,14,28.582408,False
-1.0,32,28.606817,False
-1.0,14,28.61735,False
-1.0,5,28.621877,False
-1.0,15,28.633639,False
-1.0,18,28.646433,False
-1.0,9,28.652956,False
-1.0,19,28.668693,False
-1.0,9,28.674485,False
-1.0,9,28.682013,False
-1.0,14,28.692275,False
-1.0,26,28.712072,False
-1.0,23,28.729814,False
-1.0,29,28.751132,False
-1.0,39,28.781089,False
-1.0,16,28.795378,False
-1.0,17,28.80834,False
-1.0,10,28.814851,False
-1.0,11,28.823879,False
-1.0,14,28.8344,False
-1.0,14,28.845184,False
-1.0,7,28.85071,False
-1.0,15,28.861502,False
-1.0,12,28.871033,False
-1.0,34,28.897861,False
-1.0,8,28.903376,False
-1.0,19,28.917207,False
-1.0,29,28.939842,False
-1.0,8,28.945916,False
-1.0,6,28.949931,False
-1.0,9,28.956454,False
-1.0,11,28.96619,False
-1.0,24,28.984628,False
-1.0,9,28.99092,False
-1.0,9,28.998253,False
-1.0,23,29.015581,False
-1.0,11,29.023864,False
-1.0,10,29.031364,False
-1.0,25,29.050296,False
-1.0,12,29.059625,False
-1.0,31,29.083012,False
-1.0,17,29.095135,False
-1.0,13,29.104658,False
-1.0,12,29.114,False
-1.0,22,29.130353,False
-1.0,14,29.14166,False
-1.0,12,29.15018,False
-1.0,17,29.162947,False
-1.0,22,29.559698,False
-1.0,10,29.570735,False
0.0,80,29.643396,False
-1.0,29,29.668415,False
-1.0,14,29.680854,False
-1.0,20,29.701379,False
0.0,80,29.772635,False
-1.0,5,29.777426,False
-1.0,27,29.797267,False
-1.0,17,29.810089,False
-1.0,11,29.818132,False
-1.0,55,29.859009,False
-1.0,18,29.873845,False
-1.0,17,29.886155,False
-1.0,26,29.905888,False
-1.0,6,29.909909,False
-1.0,12,29.91916,False
-1.0,11,29.927997,False
-1.0,35,29.953909,False
-1.0,18,29.966777,False
-1.0,5,29.971302,False
-1.0,14,29.982516,False
-1.0,17,34.216143,False
-1.0,16,34.228657,False
-1.0,8,34.23619,False
-1.0,27,34.257767,False
-1.0,20,34.272964,False
-1.0,17,34.286773,False
-1.0,30,34.309913,False
-1.0,12,34.31937,False
-1.0,17,34.332329,False
-1.0,24,34.350152,False
-1.0,22,34.367224,False
-1.0,14,34.378474,False
-1.0,23,34.395511,False
-1.0,22,34.412882,False
-1.0,10,34.420392,False
-1.0,7,34.4258,False
-1.0,5,34.428792,False
-1.0,17,34.441761,False
-1.0,12,34.450292,False
-1.0,5,34.454812,False
-1.0,13,34.464627,False
-1.0,26,34.48438,False
-1.0,20,34.499296,False
-1.0,23,34.517158,False
-1.0,11,34.525069,False
-1.0,15,34.536652,False
-1.0,40,34.56708,False
-1.0,21,34.582021,False
-1.0,77,35.015696,False
-1.0,52,35.067538,False
-1.0,6,35.074449,False
-1.0,56,35.125062,False
-1.0,22,35.145512,False
-1.0,19,35.162063,False
-1.0,55,35.208996,False
-1.0,13,35.21937,False
-1.0,22,35.236876,False
-1.0,20,35.252319,False
-1.0,15,35.264779,False
-1.0,17,35.278223,False
-1.0,24,35.297011,False
-1.0,12,35.305933,False
-1.0,24,35.324391,False
-1.0,29,35.346947,False
-1.0,16,35.359303,False
-1.0,28,35.38093,False
-1.0,7,35.386454,False
-1.0,14,35.397252,False
-1.0,50,35.436708,False
-1.0,9,35.443087,False
-1.0,20,35.458019,False
-1.0,14,35.469231,False
-1.0,16,35.480779,False
-1.0,19,35.495599,False
-1.0,20,35.509867,False
-1.0,5,35.514117,False
-1.0,27,35.535014,False
-1.0,28,35.55581,False
-1.0,56,35.598913,False
0.0,80,35.660085,False
-1.0,22,35.677355,False
-1.0,20,35.69245,False
-1.0,29,35.713894,False
-1.0,20,35.729413,False
-1.0,26,35.749937,False
-1.0,17,35.762912,False
-1.0,48,36.177732,False
-1.0,71,36.248662,False
-1.0,27,36.277467,False
0.0,80,36.358137,False
-1.0,45,36.396605,False
0.0,80,36.456918,False
-1.0,27,36.478209,False
0.0,80,36.538931,False
-1.0,19,36.552003,False
0.0,80,36.610076,False
-1.0,62,36.658095,False
-1.0,69,36.711594,False
-1.0,21,36.727115,False
-1.0,18,36.741528,False
0.0,80,36.801393,False
-1.0,8,36.807266,False
-1.0,16,36.81979,False
-1.0,27,36.839741,False
-1.0,19,36.854014,False
-1.0,18,36.866932,False
-1.0,20,36.883352,False
-1.0,72,36.937455,False
0.0,80,37.379927,False
-1.0,11,37.389881,False
-1.0,13,37.400398,False
-1.0,11,37.411465,False
0.0,80,37.489175,False
-1.0,28,37.517682,False
0.0,80,37.591905,False
0.0,80,37.650447,False
-1.0,25,37.669818,False
-1.0,19,37.684745,False
-1.0,25,37.704566,False
0.0,80,37.764255,False
-1.0,15,37.776836,False
0.0,80,37.83604,False
-1.0,18,37.850394,False
-1.0,24,37.867759,False
0.0,80,37.928785,False
0.0,80,37.988187,False
-1.0,58,38.032265,False
-1.0,8,38.038271,False
-1.0,18,38.051587,False
0.0,80,38.110051,False
0.0,80,38.171145,False
-1.0,24,38.565002,False
0.0,80,38.639157,False
-1.0,27,38.667234,False
0.0,80,38.743142,False
0.0,80,38.806261,False
-1.0,22,38.822803,False
0.0,80,38.881439,False
-1.0,11,38.890738,False
-1.0,20,38.905261,False
-1.0,29,38.927963,False
-1.0,41,38.95842,False
0.0,80,39.018969,False
0.0,80,39.07899,False
-1.0,14,39.089807,False
-1.0,39,39.120041,False
-1.0,25,39.138312,False
0.0,80,39.200126,False
0.0,80,39.260868,False
-1.0,17,39.273804,False
0.0,80,39.335705,False
0.0,80,39.795338,False
0.0,80,39.86874,False
0.0,80,39.956266,False
-1.0,26,39.978137,False
0.0,80,40.037652,False
-1.0,13,40.04752,False
-1.0,8,40.053562,False
-1.0,23,40.070834,False
-1.0,27,40.091052,False
-1.0,29,40.113347,False
-1.0,23,44.737303,False
-1.0,45,44.772569,False
-1.0,29,44.795209,False
0.0,80,44.855089,False
-1.0,29,44.8769,False
-1.0,27,44.898511,False
-1.0,14,44.908245,False
0.0,80,44.968844,False
-1.0,29,44.991139,False
0.0,80,45.049867,False
0.0,80,45.110606,False
-1.0,28,45.132594,False
-1.0,23,45.150462,False
-1.0,56,45.578646,False
-1.0,12,45.591177,False
-1.0,21,45.613824,False
-1.0,24,45.638499,False
-1.0,21,45.660728,False
0.0,80,45.742872,False
-1.0,29,45.774669,False
0.0,80,45.840227,False
-1.0,11,45.849469,False
0.0,80,45.910786,False
-1.0,21,45.926526,False
0.0,80,45.984163,False
0.0,80,46.045438,False
-1.0,21,46.061476,False
0.0,80,46.123432,False
0.0,80,46.183088,False
0.0,80,46.244003,False
-1.0,17,46.257828,False
-1.0,25,46.277441,False
0.0,80,46.339598,False
0.0,80,46.40002,False
-1.0,21,46.826268,False
-1.0,11,46.83828,False
-1.0,20,46.865324,False
-1.0,49,46.915201,False
-1.0,19,46.934664,False
0.0,80,47.024441,False
-1.0,18,47.039818,False
-1.0,12,47.049333,False
0.0,80,47.109362,False
0.0,80,47.17028,False
0.0,80,47.231404,False
-1.0,20,47.247725,False
-1.0,23,47.265259,False
0.0,80,47.327196,False
0.0,80,47.388415,False
-1.0,25,47.408598,False
-1.0,19,47.423968,False
0.0,80,47.48541,False
0.0,80,47.546168,False
-1.0,15,47.557151,False
-1.0,16,47.570186,False
-1.0,20,47.585559,False
0.0,80,47.646967,False
0.0,80,48.108501,False
-1.0,15,48.124062,False
0.0,80,48.207196,False
0.0,80,48.28403,False
-1.0,47,48.322262,False
0.0,80,48.382853,False
-1.0,25,48.404431,False
-1.0,27,48.424824,False
-1.0,22,48.44125,False
0.0,80,48.503061,False
-1.0,15,48.514463,False
-1.0,6,48.518467,False
-1.0,17,48.532518,False
0.0,80,48.595129,False
0.0,80,48.653267,False
-1.0,23,48.670545,False
0.0,80,48.728759,False
0.0,80,48.790111,False
0.0,80,48.849036,False
-1.0,28,48.870986,False
-1.0,10,48.878796,False
0.0,80,49.352589,False
0.0,80,49.443153,False
-1.0,18,49.463611,False
-1.0,12,49.476683,False
-1.0,20,49.496655,False
0.0,80,49.558368,False
0.0,80,49.617179,False
-1.0,27,49.638918,False
-1.0,16,49.649767,False
0.0,80,49.708464,False
-1.0,77,49.767515,False
0.0,80,49.827565,False
0.0,80,49.88636,False
-1.0,11,49.894785,False
0.0,80,49.95396,False
-1.0,40,49.984704,False
-1.0,23,50.002711,False
-1.0,23,50.020165,False
-1.0,24,50.037639,False
-1.0,41,50.068996,False
-1.0,26,50.089836,False
-1.0,26,50.109783,False
-1.0,64,50.560369,False
0.0,80,50.64464,False
-1.0,19,50.660543,False
0.0,80,50.736534,False
-1.0,13,50.747926,False
-1.0,79,55.778988,False
-1.0,29,55.803428,False
0.0,80,55.866093,False
0.0,80,55.927468,False
-1.0,20,55.941404,False
0.0,80,56.002615,False
0.0,80,56.063323,False
0.0,80,56.123169,False
0.0,80,56.182141,False
0.0,80,56.244409,False
0.0,80,56.307345,False
0.0,80,56.77571,False
0.0,80,56.85914,False
0.0,80,56.937307,False
-1.0,28,56.960637,False
-1.0,54,57.001376,False
-1.0,11,57.010436,False
0.0,80,57.06964,False
0.0,80,57.130094,False
-1.0,12,57.139895,False
-1.0,26,57.160288,False
-1.0,64,57.209002,False
0.0,80,57.269969,False
-1.0,42,57.302791,False
0.0,80,57.363369,False
0.0,80,57.425951,False
-1.0,16,57.438311,False
-1.0,21,57.453861,False
-1.0,27,57.474599,False
0.0,80,57.537487,False
0.0,80,58.050464,False
0.0,80,58.125481,False
0.0,80,58.205008,False
-1.0,24,58.225975,False
0.0,80,58.285042,False
-1.0,18,58.299586,False
-1.0,5,58.303582,False
-1.0,21,58.319636,False
-1.0,19,58.334509,False
0.0,80,58.396289,False
-1.0,11,58.403802,False
0.0,80,58.463849,False
-1.0,27,58.482771,False
0.0,80,58.544689,False
0.0,80,58.606261,False
0.0,80,58.668683,False
0.0,80,58.729924,False
-1.0,24,58.747834,False
0.0,80,58.809597,False
-1.0,22,58.825923,False
0.0,80,59.308195,False
0.0,80,59.404859,False
0.0,80,59.471073,False
0.0,80,59.533607,False
0.0,80,59.593217,False
-1.0,29,59.616991,False
-1.0,24,59.634919,False
0.0,80,59.696234,False
0.0,80,59.757053,False
0.0,80,59.818189,False
-1.0,25,59.836908,False
-1.0,6,59.841811,False
0.0,80,59.901692,False
0.0,80,59.963151,False
0.0,80,60.023549,False
-1.0,27,60.044878,False
0.0,80,60.515223,False
0.0,80,60.599144,False
-1.0,46,60.646692,False
-1.0,23,60.673251,False
-1.0,10,60.681768,False
0.0,80,60.743309,False
0.0,80,60.803773,False
-1.0,76,60.862601,False
0.0,80,60.923856,False
0.0,80,60.983533,False
-1.0,28,61.005368,False
0.0,80,61.066883,False
0.0,80,61.128438,False
0.0,80,61.18801,False
-1.0,57,61.232153,False
-1.0,12,61.241882,False
-1.0,10,61.248928,False
-1.0,27,61.269791,False
-1.0,66,61.725564,False
0.0,80,61.807935,False
0.0,80,61.889189,False
-1.0,33,66.783007,False
0.0,80,66.844722,False
0.0,80,66.904709,False
-1.0,24,66.923285,False
0.0,80,66.983737,False
0.0,80,67.045612,False
0.0,80,67.107462,False
0.0,80,67.167506,False
-1.0,19,67.18177,False
0.0,80,67.240866,False
0.0,80,67.30181,False
0.0,80,67.364196,False
0.0,80,67.834617,False
0.0,80,67.920174,False
0.0,80,68.002654,False
0.0,80,68.067639,False
0.0,80,68.129061,False
0.0,80,68.191437,False
0.0,80,68.255507,False
0.0,80,68.315471,False
0.0,80,68.377504,False
0.0,80,68.43838,False
0.0,80,68.500532,False
0.0,80,68.561818,False
-1.0,19,68.576174,False
0.0,80,68.637642,False
0.0,80,69.112625,False
0.0,80,69.196961,False
-1.0,27,69.222497,False
-1.0,15,69.238325,False
-1.0,17,69.251859,False
0.0,80,69.314897,False
0.0,80,69.375782,False
-1.0,53,69.415919,False
0.0,80,69.475916,False
-1.0,21,69.493086,False
-1.0,21,69.509589,False
0.0,80,69.56785,False
0.0,80,69.6266,False
0.0,80,69.688129,False
-1.0,29,69.710094,False
0.0,80,69.770183,False
0.0,80,69.829355,False
0.0,80,70.307933,False
0.0,80,70.385158,False
-1.0,14,70.399752,False
-1.0,22,70.42301,False
0.0,80,70.501792,False
0.0,80,70.563278,False
-1.0,61,70.608989,False
-1.0,15,70.621313,False
-1.0,21,70.63788,False
0.0,80,70.700569,False
0.0,80,70.763229,False
0.0,80,70.82554,False
-1.0,56,70.869458,False
0.0,80,70.92879,False
-1.0,28,70.950141,False
-1.0,32,70.975055,False
-1.0,23,70.992945,False
-1.0,42,71.024863,False
0.0,80,71.086125,False
0.0,80,71.556483,False
-1.0,55,71.617304,False
0.0,80,71.704559,False
0.0,80,71.777299,False
-1.0,55,71.820626,False
-1.0,19,71.836016,False
0.0,80,71.896269,False
0.0,80,71.956788,False
-1.0,20,71.972575,False
-1.0,21,71.989444,False
0.0,80,72.051396,False
0.0,80,72.114049,False
-1.0,27,72.135076,False
0.0,80,72.197471,False
-1.0,24,72.215892,False
-1.0,19,72.231227,False
0.0,80,72.291723,False
0.0,80,72.352419,False
0.0,80,72.826842,False
0.0,80,78.022055,False
0.0,80,78.08371,False
-1.0,21,78.099995,False
0.0,80,78.160715,False
0.0,80,78.219735,False
0.0,80,78.281796,False
0.0,80,78.342663,False
0.0,80,78.402655,False
0.0,80,78.463891,False
0.0,80,78.525132,False
0.0,80,78.585187,False
0.0,80,78.644529,False
-1.0,17,78.65732,False
0.0,80,79.145062,False
0.0,80,79.228467,False
-1.0,35,79.265061,False
0.0,80,79.343504,False
0.0,80,79.40504,False
0.0,80,79.465164,False
0.0,80,79.528016,False
0.0,80,79.590333,False
0.0,80,79.650039,False
0.0,80,79.710236,False
0.0,80,79.770844,False
0.0,80,79.832439,False
0.0,80,79.89317,False
0.0,80,79.954495,False
0.0,80,80.450389,False
-1.0,18,80.469516,False
0.0,80,80.552537,False
0.0,80,80.618175,False
-1.0,29,80.641046,False
0.0,80,80.70184,False
0.0,80,80.763723,False
-1.0,21,80.779985,False
-1.0,25,80.799303,False
0.0,80,80.860617,False
0.0,80,80.920922,False
0.0,80,80.980791,False
-1.0,29,81.003908,False
-1.0,22,81.019964,False
0.0,80,81.081751,False
0.0,80,81.141825,False
0.0,80,81.202429,False
0.0,80,81.698796,False
0.0,80,81.784943,False
0.0,80,81.859034,False
-1.0,25,81.878532,False
-1.0,18,81.892439,False
0.0,80,81.953628,False
0.0,80,82.014931,False
-1.0,73,82.070851,False
0.0,80,82.128944,False
0.0,80,82.189955,False
0.0,80,82.249927,False
0.0,80,82.311185,False
0.0,80,82.370745,False
0.0,80,82.432488,False
-1.0,19,82.447477,False
-1.0,18,82.868251,False
0.0,80,82.952162,False
-1.0,12,82.965193,False
0.0,80,83.047324,False
0.0,80,83.114548,False
0.0,80,83.174767,False
0.0,80,83.234704,False
0.0,80,83.296966,False
0.0,80,83.359954,False
0.0,80,83.420467,False
0.0,80,83.481672,False
0.0,80,83.54093,False
0.0,80,83.602896,False
0.0,80,88.614977,False
0.0,80,89.082716,False
0.0,80,89.163553,False
0.0,80,89.252631,False
0.0,80,89.314617,False
0.0,80,89.374734,False
-1.0,16,89.387241,False
0.0,80,89.44718,False
0.0,80,89.51082,False
-1.0,44,89.54463,False
0.0,80,89.603514,False
0.0,80,89.665783,False
0.0,80,89.724639,False
-1.0,24,89.744111,False
-1.0,14,89.755063,False
0.0,80,89.81534,False
-1.0,8,89.821626,False
-1.0,27,89.842934,False
0.0,80,90.309072,False
-1.0,29,90.340099,False
0.0,80,90.420142,False
-1.0,23,90.44398,False
0.0,80,90.515289,False
0.0,80,90.576775,False
-1.0,26,90.596209,False
-1.0,29,90.618661,False
0.0,80,90.680203,False
0.0,80,90.742042,False
0.0,80,90.803022,False
-1.0,22,90.820612,False
0.0,80,90.882858,False
0.0,80,90.943311,False
-1.0,26,90.964356,False
-1.0,29,90.986968,False
0.0,80,91.048456,False
0.0,80,91.108375,False
0.0,80,91.58525,False
0.0,80,91.666898,False
0.0,80,91.743677,False
0.0,80,91.806975,False
0.0,80,91.869187,False
-1.0,25,91.890264,False
0.0,80,91.958984,False
-1.0,20,91.975441,False
-1.0,27,91.996508,False
0.0,80,92.058169,False
0.0,80,92.118072,False
0.0,80,92.178871,False
0.0,80,92.23796,False
0.0,80,92.300953,False
0.0,80,92.362443,False
0.0,80,92.833469,False
-1.0,29,92.86392,False
0.0,80,92.943288,False
0.0,80,93.013458,False
0.0,80,93.074098,False
0.0,80,93.133128,False
0.0,80,93.195239,False
0.0,80,93.25867,False
0.0,80,93.318901,False
-1.0,26,93.339951,False
-1.0,21,93.356046,False
0.0,80,93.419469,False
0.0,80,93.482432,False
0.0,80,93.54373,False
0.0,80,93.600777,False
0.0,80,94.11206,False
0.0,80,94.193073,False
0.0,80,94.265021,False
0.0,80,94.327561,False
0.0,80,94.389495,False
0.0,80,94.450167,False
0.0,80,94.51138,False
-1.0,16,94.52338,False
0.0,80,94.585089,False
0.0,80,94.645633,False
0.0,80,94.706854,False
-1.0,20,94.721697,False
0.0,80,100.159885,False
0.0,80,100.218633,False
-1.0,29,100.642364,False
0.0,80,100.724434,False
0.0,80,100.80612,False
0.0,80,100.878126,False
0.0,80,100.937849,False
-1.0,27,100.957777,False
0.0,80,101.01772,False
0.0,80,101.078459,False
-1.0,27,101.099942,False
0.0,80,101.159029,False
-1.0,6,101.16455,False
0.0,80,101.224482,False
0.0,80,101.285822,False
0.0,80,101.346029,False
-1.0,12,101.356999,False
0.0,80,101.415673,False
0.0,80,101.918587,False
0.0,80,101.999495,False
0.0,80,102.083248,False
0.0,80,102.15597,False
0.0,80,102.217042,False
0.0,80,102.276775,False
-1.0,19,102.291449,False
0.0,80,102.352708,False
-1.0,13,102.362242,False
-1.0,27,102.382955,False
0.0,80,102.44336,False
-1.0,23,102.460442,False
0.0,80,102.523417,False
0.0,80,102.584166,False
0.0,80,102.644958,False
-1.0,5,102.648958,False
-1.0,17,102.660685,False
-1.0,43,102.694222,False
0.0,80,103.166678,False
0.0,80,103.245157,False
-1.0,19,103.264616,False
0.0,80,103.341611,False
0.0,80,103.406867,False
-1.0,9,103.413378,False
0.0,80,103.474685,False
0.0,80,103.533758,False
0.0,80,103.594177,False
0.0,80,103.655507,False
0.0,80,103.715334,False
-1.0,19,103.730772,False
0.0,80,103.789694,False
0.0,80,103.848817,False
0.0,80,103.908472,False
0.0,80,103.969011,False
0.0,80,104.440488,False
0.0,80,104.52086,False
0.0,80,104.59565,False
0.0,80,104.656699,False
0.0,80,104.717648,False
0.0,80,104.778452,False
0.0,80,104.839952,False
0.0,80,104.899444,False
0.0,80,104.959771,False
0.0,80,105.01915,False
0.0,80,105.08172,False
0.0,80,105.141078,False
0.0,80,105.605287,False
0.0,80,105.68663,False
0.0,80,105.776095,False
0.0,80,105.843102,False
0.0,80,105.905884,False
-1.0,27,105.926167,False
0.0,80,105.986064,False
-1.0,24,106.004245,False
-1.0,18,106.017762,False
0.0,80,106.080288,False
0.0,80,106.142187,False
0.0,80,106.202088,False
0.0,80,111.241919,False
0.0,80,111.30416,False
-1.0,27,111.324696,False
0.0,80,111.38477,False
0.0,80,111.85589,False
0.0,80,111.936901,False
0.0,80,112.011562,False
0.0,80,112.07325,False
-1.0,28,112.095363,False
0.0,80,112.155352,False
0.0,80,112.218461,False
0.0,80,112.284077,False
0.0,80,112.344362,False
-1.0,20,112.359913,False
0.0,80,112.420279,False
0.0,80,112.481658,False
0.0,80,112.541919,False
-1.0,21,112.559815,False
-1.0,27,112.580189,False
0.0,80,112.641428,False
0.0,80,113.122576,False
0.0,80,113.201838,False
-1.0,20,113.223995,False
0.0,80,113.290229,False
0.0,80,113.350102,False
-1.0,20,113.365941,False
0.0,80,113.426557,False
0.0,80,113.488285,False
0.0,80,113.547928,False
0.0,80,113.607669,False
0.0,80,113.668879,False
0.0,80,113.730403,False
0.0,80,113.790433,False
0.0,80,113.849827,False
0.0,80,114.327802,False
0.0,80,114.407928,False
0.0,80,114.487693,False
-1.0,27,114.510017,False
0.0,80,114.569935,False
0.0,80,114.631035,False
-1.0,7,114.6369,False
0.0,80,114.699555,False
0.0,80,114.762178,False
0.0,80,114.821616,False
0.0,80,114.882541,False
0.0,80,114.943863,False
0.0,80,115.003605,False
0.0,80,115.063789,False
0.0,80,115.539736,False
0.0,80,115.623765,False
-1.0,15,115.638676,False
-1.0,27,115.666181,False
0.0,80,115.747255,False
-1.0,17,115.761221,False
0.0,80,115.822719,False
0.0,80,115.884133,False
-1.0,26,115.903043,False
-1.0,23,115.922163,False
0.0,80,115.983901,False
0.0,80,116.045781,False
0.0,80,116.108865,False
0.0,80,116.17085,False
0.0,80,116.231813,False
0.0,80,116.294045,False
-1.0,23,116.311396,False
0.0,80,116.784637,False
0.0,80,116.868509,False
0.0,80,116.95582,False
0.0,80,117.024848,False
0.0,80,117.088487,False
0.0,80,117.148456,False
0.0,80,117.211718,False
-1.0,15,117.223204,False
-1.0,25,117.24261,False
-1.0,20,117.257807,False
0.0,80,122.553462,False
0.0,80,122.615394,False
0.0,80,122.676003,False
0.0,80,122.737592,False
0.0,80,122.796992,False
-1.0,20,122.812822,False
-1.0,20,122.827087,False
-1.0,13,122.836899,False
-1.0,49,123.289982,False
0.0,80,123.373135,False
0.0,80,123.455336,False
0.0,80,123.522382,False
0.0,80,123.582975,False
0.0,80,123.643387,False
0.0,80,123.703161,False
0.0,80,123.765531,False
0.0,80,123.826812,False
-1.0,21,123.842441,False
0.0,80,123.902558,False
0.0,80,123.964054,False
0.0,80,124.025118,False
-1.0,4,124.027643,False
0.0,80,124.089466,False
-1.0,12,124.099991,False
0.0,80,124.626077,False
-1.0,24,124.656648,False
-1.0,29,124.683731,False
0.0,80,124.762548,False
0.0,80,124.824136,False
0.0,80,124.885108,False
-1.0,18,124.898958,False
0.0,80,124.961654,False
0.0,80,125.023144,False
0.0,80,125.084115,False
-1.0,16,125.096876,False
0.0,80,125.155834,False
0.0,80,125.216947,False
0.0,80,125.276694,False
0.0,80,125.338442,False
0.0,80,125.794773,False
0.0,80,125.876956,False
-1.0,27,125.90202,False
0.0,80,125.980259,False
0.0,80,126.042745,False
0.0,80,126.103479,False
0.0,80,126.162651,False
0.0,80,126.224941,False
0.0,80,126.28674,False
0.0,80,126.346773,False
0.0,80,126.408286,False
0.0,80,126.470129,False
0.0,80,126.529141,False
0.0,80,126.59108,False
-1.0,29,127.013021,False
0.0,80,127.097086,False
-1.0,21,127.122291,False
0.0,80,127.20411,False
0.0,80,127.268575,False
0.0,80,127.327778,False
0.0,80,127.390235,False
0.0,80,127.449116,False
0.0,80,127.510509,False
0.0,80,127.572608,False
0.0,80,127.632586,False
0.0,80,127.693801,False
-1.0,23,127.710577,False
0.0,80,127.770328,False
0.0,80,127.82991,False
0.0,80,128.307571,False
0.0,80,128.391546,False
0.0,80,128.465153,False
0.0,80,128.527611,False
0.0,80,128.586785,False
-1.0,21,128.603163,False
0.0,80,133.794566,False
0.0,80,133.85845,False
0.0,80,133.919852,False
0.0,80,133.978923,False
0.0,80,134.040709,False
-1.0,29,134.062351,False
0.0,80,134.123016,False
0.0,80,134.183084,False
0.0,80,134.659868,False
0.0,80,134.742872,False
0.0,80,134.821109,False
0.0,80,134.886455,False
0.0,80,134.946191,False
-1.0,21,134.961989,False
0.0,80,135.025231,False
-1.0,12,135.035226,False
0.0,80,135.096618,False
0.0,80,135.155791,False
-1.0,25,135.175701,False
0.0,80,135.236627,False
0.0,80,135.297295,False
0.0,80,135.357358,False
0.0,80,135.420714,False
-1.0,21,135.437056,False
0.0,80,135.916299,False
0.0,80,136.004377,False
0.0,80,136.0763,False
0.0,80,136.136098,False
0.0,80,136.198184,False
0.0,80,136.257477,False
-1.0,12,136.266634,False
0.0,80,136.327769,False
-1.0,25,136.346639,False
0.0,80,136.407195,False
0.0,80,136.469355,False
0.0,80,136.53079,False
-1.0,21,136.547164,False
0.0,80,136.608107,False
0.0,80,136.667567,False
0.0,80,137.134286,False
-1.0,15,137.15078,False
-1.0,21,137.173118,False
0.0,80,137.266685,False
0.0,80,137.330442,False
0.0,80,137.391522,False
0.0,80,137.450296,False
0.0,80,137.511346,False
0.0,80,137.572598,False
0.0,80,137.632601,False
-1.0,15,137.644511,False
0.0,80,137.705175,False
0.0,80,137.76493,False
0.0,80,137.825594,False
0.0,80,137.88583,False
0.0,80,138.363361,False
0.0,80,138.446786,False
0.0,80,138.522962,False
0.0,80,138.583349,False
0.0,80,138.643465,False
-1.0,71,138.697294,False
-1.0,54,138.738954,False
0.0,80,138.798868,False
0.0,80,138.85981,False
0.0,80,138.919705,False
0.0,80,138.979602,False
0.0,80,139.040673,False
0.0,80,139.10075,False
0.0,80,139.562139,False
0.0,80,139.641421,False
0.0,80,139.724111,False
0.0,80,139.78494,False
-1.0,15,139.796554,False
0.0,80,145.025864,False
0.0,80,145.08754,False
0.0,80,145.150707,False
0.0,80,145.213039,False
-1.0,28,145.235348,False
0.0,80,145.296507,False
0.0,80,145.357722,False
0.0,80,145.415333,False
0.0,80,145.472749,False
-1.0,27,145.493372,False
0.0,80,145.946585,False
0.0,80,146.023829,False
0.0,80,146.099181,False
0.0,80,146.163125,False
0.0,80,146.22402,False
-1.0,26,146.244543,False
-1.0,18,146.258548,False
0.0,80,146.317671,False
0.0,80,146.382307,False
0.0,80,146.44223,False
0.0,80,146.504182,False
0.0,80,146.566149,False
0.0,80,146.628772,False
0.0,80,146.688894,False
0.0,80,147.151571,False
-1.0,7,147.160089,False
0.0,80,147.245725,False
0.0,80,147.327002,False
0.0,80,147.394265,False
-1.0,13,147.404638,False
-1.0,6,147.409161,False
0.0,80,147.470979,False
0.0,80,147.531183,False
-1.0,16,147.543278,False
0.0,80,147.602261,False
-1.0,18,147.616305,False
0.0,80,147.678338,False
0.0,80,147.739435,False
0.0,80,147.799608,False
0.0,80,147.859812,False
-1.0,21,147.876158,False
-1.0,20,147.893491,False
-1.0,18,147.906458,False
-1.0,17,147.919741,False
0.0,80,148.37067,False
0.0,80,148.460042,False
0.0,80,148.54544,False
-1.0,13,148.558427,False
-1.0,20,148.575778,False
0.0,80,148.635861,False
0.0,80,148.697408,False
0.0,80,148.759562,False
0.0,80,148.819212,False
0.0,80,148.879235,False
0.0,80,148.940749,False
0.0,80,149.001305,False
0.0,80,149.063383,False
-1.0,26,149.082923,False
0.0,80,149.142622,False
0.0,80,149.616574,False
0.0,80,149.700337,False
0.0,80,149.786358,False
0.0,80,149.855512,False
0.0,80,149.915076,False
-1.0,21,149.931422,False
0.0,80,149.991489,False
0.0,80,150.052207,False
-1.0,25,150.072037,False
0.0,80,150.132613,False
0.0,80,150.191117,False
0.0,80,150.253526,False
-1.0,21,150.269048,False
0.0,80,150.331613,False
0.0,80,150.394556,False
0.0,80,150.864343,False
0.0,80,150.953187,False
0.0,80,151.036684,False
0.0,80,156.19253,False
0.0,80,156.25705,False
0.0,80,156.318719,False
0.0,80,156.38061,False
0.0,80,156.440867,False
0.0,80,156.500847,False
0.0,80,156.562814,False
-1.0,10,156.570382,False
0.0,80,156.632811,False
0.0,80,156.694717,False
-1.0,17,156.707893,False
0.0,80,156.768754,False
0.0,80,157.235094,False
0.0,80,157.320096,False
-1.0,24,157.344318,False
0.0,80,157.417755,False
0.0,80,157.478834,False
0.0,80,157.538959,False
0.0,80,157.601642,False
0.0,80,157.667111,False
0.0,80,157.729457,False
0.0,80,157.790284,False
0.0,80,157.84901,False
-1.0,28,157.871919,False
0.0,80,157.933328,False
0.0,80,157.994664,False
0.0,80,158.470899,False
0.0,80,158.552043,False
0.0,80,158.633723,False
-1.0,43,158.669429,False
0.0,80,158.729675,False
0.0,80,158.789505,False
0.0,80,158.849684,False
0.0,80,158.911622,False
0.0,80,158.973537,False
-1.0,21,158.990836,False
0.0,80,159.049893,False
0.0,80,159.11175,False
0.0,80,159.172965,False
0.0,80,159.232902,False
0.0,80,159.698304,False
0.0,80,159.779366,False
0.0,80,159.86159,False
0.0,80,159.926249,False
-1.0,26,159.947053,False
0.0,80,160.008315,False
-1.0,23,160.026692,False
-1.0,19,160.040591,False
0.0,80,160.104661,False
0.0,80,160.163136,False
0.0,80,160.223938,False
-1.0,15,160.23499,False
0.0,80,160.294876,False
0.0,80,160.354739,False
-1.0,27,160.376373,False
0.0,80,160.436915,False
0.0,80,160.905069,False
-1.0,23,160.930788,False
0.0,80,161.007595,False
0.0,80,161.092367,False
0.0,80,161.159157,False
0.0,80,161.220204,False
0.0,80,161.282139,False
0.0,80,161.344148,False
-1.0,22,161.361639,False
-1.0,22,161.378049,False
0.0,80,161.438431,False
0.0,80,161.500667,False
0.0,80,161.563165,False
0.0,80,161.623193,False
0.0,80,161.684443,False
0.0,80,162.133687,False
0.0,80,162.214013,False
0.0,80,167.483274,False
0.0,80,167.544969,False
0.0,80,167.60585,False
0.0,80,167.665397,False
0.0,80,167.72764,False
0.0,80,167.789206,False
-1.0,21,167.805435,False
-1.0,13,167.815459,False
-1.0,20,167.830695,False
0.0,80,167.893368,False
0.0,80,167.953361,False
-1.0,27,167.974598,False
0.0,80,168.034747,False
0.0,80,168.096817,False
0.0,80,168.558047,False
0.0,80,168.640781,False
0.0,80,168.726649,False
0.0,80,168.79437,False
0.0,80,168.85617,False
0.0,80,168.914638,False
0.0,80,168.975166,False
0.0,80,169.03702,False
0.0,80,169.097076,False
-1.0,73,169.151399,False
-1.0,27,169.173673,False
-1.0,16,169.18606,False
0.0,80,169.244268,False
-1.0,18,169.25896,False
-1.0,25,169.27824,False
0.0,80,169.338025,False
0.0,80,169.809145,False
0.0,80,169.893099,False
0.0,80,169.974631,False
0.0,80,170.037195,False
0.0,80,170.098253,False
0.0,80,170.162478,False
0.0,80,170.225727,False
0.0,80,170.285464,False
0.0,80,170.347024,False
0.0,80,170.409714,False
0.0,80,170.472267,False
0.0,80,170.534348,False
-1.0,20,170.549016,False
0.0,80,171.004053,False
0.0,80,171.085524,False
0.0,80,171.170174,False
0.0,80,171.24426,False
0.0,80,171.306129,False
-1.0,27,171.326258,False
0.0,80,171.386661,False
0.0,80,171.44701,False
-1.0,21,171.464041,False
0.0,80,171.524162,False
0.0,80,171.582454,False
0.0,80,171.643177,False
0.0,80,171.705071,False
0.0,80,171.764771,False
0.0,80,171.827806,False
0.0,80,172.300964,False
0.0,80,172.380504,False
0.0,80,172.45859,False
0.0,80,172.520546,False
-1.0,25,172.540397,False
0.0,80,172.602545,False
0.0,80,172.662734,False
0.0,80,172.72287,False
0.0,80,172.784844,False
0.0,80,172.846327,False
-1.0,33,172.872523,False
0.0,80,172.936772,False
0.0,80,172.996985,False
0.0,80,173.058142,False
0.0,80,178.866686,False
0.0,80,178.929265,False
0.0,80,178.991086,False
0.0,80,179.049129,False
0.0,80,179.110869,False
0.0,80,179.1696,False
0.0,80,179.231026,False
0.0,80,179.292512,False
0.0,80,179.352123,False
0.0,80,179.413477,False
0.0,80,179.474337,False
0.0,80,179.53604,False
0.0,80,179.595956,False
0.0,80,180.061545,False
0.0,80,180.144319,False
0.0,80,180.219473,False
0.0,80,180.280385,False
0.0,80,180.34172,False
-1.0,7,180.347252,False
-1.0,28,180.36907,False
0.0,80,180.430514,False
-1.0,21,180.446918,False
0.0,80,180.508478,False
0.0,80,180.568975,False
-1.0,17,180.582493,False
0.0,80,180.64422,False
0.0,80,180.705273,False
0.0,80,180.765577,False
-1.0,24,180.784651,False
-1.0,14,180.79623,False
0.0,80,181.277766,False
0.0,80,181.357666,False
0.0,80,181.435784,False
0.0,80,181.497387,False
0.0,80,181.557898,False
-1.0,25,181.576718,False
0.0,80,181.638368,False
0.0,80,181.699839,False
-1.0,20,181.71513,False
0.0,80,181.775634,False
0.0,80,181.837716,False
0.0,80,181.897567,False
0.0,80,181.959516,False
-1.0,23,181.977656,False
0.0,80,182.035964,False
0.0,80,182.52143,False
0.0,80,182.600678,False
0.0,80,182.679169,False
0.0,80,182.74227,False
0.0,80,182.802854,False
0.0,80,182.864138,False
0.0,80,182.927716,False
0.0,80,182.993185,False
0.0,80,183.054275,False
0.0,80,183.116457,False
0.0,80,183.174542,False
0.0,80,183.234591,False
0.0,80,183.292912,False
0.0,80,183.78012,False
0.0,80,183.863734,False
0.0,80,183.942356,False
0.0,80,184.005623,False
0.0,80,184.063908,False
0.0,80,184.122957,False
0.0,80,184.184653,False
0.0,80,184.242795,False
-1.0,17,184.255707,False
0.0,80,184.314184,False
0.0,80,184.374691,False
0.0,80,184.435012,False
-1.0,11,184.442533,False
0.0,80,189.534003,False
0.0,80,190.001182,False
-1.0,22,190.023684,False
0.0,80,190.105774,False
0.0,80,190.187238,False
0.0,80,190.252386,False
0.0,80,190.313515,False
0.0,80,190.374814,False
0.0,80,190.436799,False
0.0,80,190.495353,False
0.0,80,190.554954,False
0.0,80,190.615147,False
0.0,80,190.675014,False
0.0,80,190.735151,False
0.0,80,190.796346,False
-1.0,25,191.216427,False
0.0,80,191.298805,False
0.0,80,191.383191,False
0.0,80,191.454351,False
0.0,80,191.515398,False
0.0,80,191.578492,False
0.0,80,191.640257,False
0.0,80,191.69984,False
0.0,80,191.759606,False
0.0,80,191.820551,False
0.0,80,191.881635,False
0.0,80,191.941425,False
0.0,80,192.002345,False
0.0,80,192.472469,False
0.0,80,192.560227,False
0.0,80,192.641078,False
0.0,80,192.705703,False
0.0,80,192.76471,False
0.0,80,192.824961,False
0.0,80,192.888159,False
0.0,80,192.946693,False
0.0,80,193.0071,False
0.0,80,193.073493,False
0.0,80,193.134713,False
0.0,80,193.194451,False
0.0,80,193.255439,False
0.0,80,193.726226,False
-1.0,27,193.75544,False
0.0,80,193.832566,False
-1.0,21,193.855789,False
0.0,80,193.926792,False
0.0,80,193.98797,False
0.0,80,194.049632,False
0.0,80,194.1093,False
0.0,80,194.168738,False
0.0,80,194.227561,False
0.0,80,194.287459,False
0.0,80,194.348318,False
0.0,80,194.408816,False
0.0,80,194.46756,False
0.0,80,194.930529,False
-1.0,22,194.952775,False
0.0,80,195.036041,False
0.0,80,195.117531,False
0.0,80,195.177824,False
0.0,80,195.237765,False
-1.0,46,195.272213,False
-1.0,14,195.283263,False
0.0,80,195.343733,False
0.0,80,195.404818,False
0.0,80,195.465442,False
0.0,80,195.526409,False
0.0,80,200.828372,False
0.0,80,200.892043,False
0.0,80,200.951836,False
0.0,80,201.422534,False
0.0,80,201.504661,False
0.0,80,201.584513,False
0.0,80,201.647585,False
0.0,80,201.708895,False
-1.0,8,201.715895,False
0.0,80,201.77704,False
0.0,80,201.837947,False
0.0,80,201.899855,False
0.0,80,201.959812,False
0.0,80,202.020296,False
0.0,80,202.079782,False
0.0,80,202.140342,False
0.0,80,202.199077,False
0.0,80,202.674607,False
0.0,80,202.758306,False
0.0,80,202.832674,False
0.0,80,202.895311,False
0.0,80,202.956674,False
0.0,80,203.018219,False
-1.0,56,203.062593,False
0.0,80,203.12385,False
0.0,80,203.186312,False
0.0,80,203.245865,False
0.0,80,203.305821,False
0.0,80,203.365445,False
0.0,80,203.426295,False
0.0,80,203.904026,False
0.0,80,203.981705,False
0.0,80,204.061511,False
0.0,80,204.120915,False
0.0,80,204.180482,False
0.0,80,204.241826,False
0.0,80,204.301642,False
0.0,80,204.362623,False
0.0,80,204.423267,False
0.0,80,204.484267,False
-1.0,27,204.505648,False
-1.0,17,204.519182,False
0.0,80,204.579591,False
0.0,80,204.639436,False
0.0,80,205.105535,False
0.0,80,205.184517,False
0.0,80,205.264676,False
0.0,80,205.328617,False
0.0,80,205.38988,False
0.0,80,205.449455,False
0.0,80,205.509392,False
0.0,80,205.570506,False
0.0,80,205.629506,False
0.0,80,205.688479,False
0.0,80,205.74938,False
0.0,80,205.812269,False
0.0,80,205.870557,False
0.0,80,206.33185,False
0.0,80,206.412911,False
0.0,80,206.495419,False
-1.0,22,206.513262,False
0.0,80,206.572769,False
0.0,80,206.632138,False
0.0,80,206.69232,False
-1.0,14,206.702913,False
-1.0,20,206.719515,False
-1.0,26,206.739076,False
0.0,80,206.797753,False
0.0,80,212.015621,False
0.0,80,212.089935,False
-1.0,21,212.106661,False
0.0,80,212.167927,False
0.0,80,212.227335,False
