config_id,step,mean_win_rate,std_win_rate,n_seeds
shaped_v2_pruned_shots_random_medium_cnn_none,5120,0.15000000596046448,0.0,1
shaped_v2_pruned_shots_random_medium_cnn_none,10240,0.09000000357627869,0.0,1
shaped_v2_pruned_shots_random_medium_cnn_none,15360,0.07000000029802322,0.0,1
shaped_v2_pruned_shots_random_medium_cnn_none,20480,0.1899999976158142,0.0,1
shaped_v2_pruned_shots_random_medium_cnn_none,25600,0.1899999976158142,0.0,1
shaped_v2_pruned_shots_random_medium_cnn_none,30720,0.1899999976158142,0.0,1
shaped_v2_pruned_shots_random_medium_cnn_none,35840,0.20999999344348907,0.0,1
shaped_v2_pruned_shots_random_medium_cnn_none,40960,0.28999999165534973,0.0,1
shaped_v2_pruned_shots_random_medium_cnn_none,45056,0.3100000023841858,0.0,1
shaped_v2_pruned_shots_random_medium_cnn_none,50176,0.3700000047683716,0.0,1
shaped_v2_pruned_shots_random_medium_cnn_none,55296,0.3100000023841858,0.0,1
shaped_v2_pruned_shots_random_medium_cnn_none,60416,0.30000001192092896,0.0,1
shaped_v2_pruned_shots_random_medium_cnn_none,65536,0.36000001430511475,0.0,1
shaped_v2_pruned_shots_random_medium_cnn_none,70656,0.2800000011920929,0.0,1
shaped_v2_pruned_shots_random_medium_cnn_none,75776,0.3199999928474426,0.0,1
shaped_v2_pruned_shots_random_medium_cnn_none,80896,0.3199999928474426,0.0,1
shaped_v2_pruned_shots_random_medium_cnn_none,86016,0.36000001430511475,0.0,1
shaped_v2_pruned_shots_random_medium_cnn_none,90112,0.3199999928474426,0.0,1
shaped_v2_pruned_shots_random_medium_cnn_none,95232,0.38999998569488525,0.0,1
shaped_v2_pruned_shots_random_medium_cnn_none,100352,0.25999999046325684,0.0,1
shaped_v2_pruned_shots_random_medium_cnn_none,105472,0.27000001072883606,0.0,1
shaped_v2_pruned_shots_random_medium_cnn_none,110592,0.27000001072883606,0.0,1
shaped_v2_pruned_shots_random_medium_cnn_none,115712,0.2800000011920929,0.0,1
shaped_v2_pruned_shots_random_medium_cnn_none,120832,0.28999999165534973,0.0,1
shaped_v2_pruned_shots_random_medium_cnn_none,125952,0.3700000047683716,0.0,1
shaped_v2_pruned_shots_random_medium_cnn_none,130048,0.36000001430511475,0.0,1
shaped_v2_pruned_shots_random_medium_cnn_none,135168,0.36000001430511475,0.0,1
shaped_v2_pruned_shots_random_medium_cnn_none,140288,0.23999999463558197,0.0,1
shaped_v2_pruned_shots_random_medium_cnn_none,145408,0.2199999988079071,0.0,1
shaped_v2_pruned_shots_random_medium_cnn_none,150528,0.30000001192092896,0.0,1
shaped_v2_pruned_shots_random_medium_cnn_none,155648,0.30000001192092896,0.0,1
shaped_v2_pruned_shots_random_medium_cnn_none,160768,0.25999999046325684,0.0,1
shaped_v2_pruned_shots_random_medium_cnn_none,165888,0.28999999165534973,0.0,1
shaped_v2_pruned_shots_random_medium_cnn_none,171008,0.23999999463558197,0.0,1
shaped_v2_pruned_shots_random_medium_cnn_none,175104,0.33000001311302185,0.0,1
shaped_v2_pruned_shots_random_medium_cnn_none,180224,0.3799999952316284,0.0,1
shaped_v2_pruned_shots_random_medium_cnn_none,185344,0.3100000023841858,0.0,1
shaped_v2_pruned_shots_random_medium_cnn_none,190464,0.3499999940395355,0.0,1
shaped_v2_pruned_shots_random_medium_cnn_none,195584,0.38999998569488525,0.0,1
shaped_v2_pruned_shots_random_medium_cnn_none,200704,0.3799999952316284,0.0,1
shaped_v2_pruned_shots_random_medium_cnn_none,205824,0.33000001311302185,0.0,1
shaped_v2_pruned_shots_random_medium_cnn_none,210944,0.2800000011920929,0.0,1
shaped_v2_pruned_shots_random_medium_cnn_none,215040,0.23999999463558197,0.0,1
shaped_v2_pruned_shots_random_medium_cnn_none,220160,0.18000000715255737,0.0,1
shaped_v2_pruned_shots_random_medium_cnn_none,225280,0.2800000011920929,0.0,1
shaped_v2_pruned_shots_random_medium_cnn_none,230400,0.23000000417232513,0.0,1
shaped_v2_pruned_shots_random_medium_cnn_none,235520,0.28999999165534973,0.0,1
shaped_v2_pruned_shots_random_medium_cnn_none,240640,0.3499999940395355,0.0,1
shaped_v2_pruned_shots_random_medium_cnn_none,245760,0.3700000047683716,0.0,1
shaped_v2_pruned_shots_random_medium_cnn_none,250880,0.3799999952316284,0.0,1
shaped_v2_pruned_shots_random_medium_cnn_none,256000,0.3100000023841858,0.0,1
shaped_v2_pruned_shots_random_medium_cnn_none,260096,0.3199999928474426,0.0,1
shaped_v2_pruned_shots_random_medium_cnn_none,265216,0.28999999165534973,0.0,1
shaped_v2_pruned_shots_random_medium_cnn_none,270336,0.3100000023841858,0.0,1
shaped_v2_pruned_shots_random_medium_cnn_none,275456,0.27000001072883606,0.0,1
shaped_v2_pruned_shots_random_medium_cnn_none,280576,0.27000001072883606,0.0,1
shaped_v2_pruned_shots_random_medium_cnn_none,285696,0.30000001192092896,0.0,1
shaped_v2_pruned_shots_random_medium_cnn_none,290816,0.20999999344348907,0.0,1
shaped_v2_pruned_shots_random_medium_cnn_none,295936,0.3199999928474426,0.0,1
shaped_v2_pruned_shots_random_medium_cnn_none,300032,0.27000001072883606,0.0,1
shaped_v2_pruned_shots_random_medium_cnn_small_none,5120,0.0,0.0,1
shaped_v2_pruned_shots_random_medium_cnn_small_none,10240,0.019999999552965164,0.0,1
shaped_v2_pruned_shots_random_medium_cnn_small_none,15360,0.15000000596046448,0.0,1
shaped_v2_pruned_shots_random_medium_cnn_small_none,20480,0.15000000596046448,0.0,1
shaped_v2_pruned_shots_random_medium_cnn_small_none,25600,0.20000000298023224,0.0,1
shaped_v2_pruned_shots_random_medium_cnn_small_none,30720,0.18000000715255737,0.0,1
shaped_v2_pruned_shots_random_medium_cnn_small_none,35840,0.17000000178813934,0.0,1
shaped_v2_pruned_shots_random_medium_cnn_small_none,40960,0.18000000715255737,0.0,1
shaped_v2_pruned_shots_random_medium_cnn_small_none,45056,0.1899999976158142,0.0,1
shaped_v2_pruned_shots_random_medium_cnn_small_none,50176,0.25999999046325684,0.0,1
shaped_v2_pruned_shots_random_medium_cnn_small_none,55296,0.23000000417232513,0.0,1
shaped_v2_pruned_shots_random_medium_cnn_small_none,60416,0.3100000023841858,0.0,1
shaped_v2_pruned_shots_random_medium_cnn_small_none,65536,0.3199999928474426,0.0,1
shaped_v2_pruned_shots_random_medium_cnn_small_none,70656,0.3100000023841858,0.0,1
shaped_v2_pruned_shots_random_medium_cnn_small_none,75776,0.3199999928474426,0.0,1
shaped_v2_pruned_shots_random_medium_cnn_small_none,80896,0.23000000417232513,0.0,1
shaped_v2_pruned_shots_random_medium_cnn_small_none,86016,0.23000000417232513,0.0,1
shaped_v2_pruned_shots_random_medium_cnn_small_none,90112,0.20000000298023224,0.0,1
shaped_v2_pruned_shots_random_medium_cnn_small_none,95232,0.23999999463558197,0.0,1
shaped_v2_pruned_shots_random_medium_cnn_small_none,100352,0.23000000417232513,0.0,1
shaped_v2_pruned_shots_random_medium_cnn_small_none,105472,0.23000000417232513,0.0,1
shaped_v2_pruned_shots_random_medium_cnn_small_none,110592,0.23000000417232513,0.0,1
shaped_v2_pruned_shots_random_medium_cnn_small_none,115712,0.23999999463558197,0.0,1
shaped_v2_pruned_shots_random_medium_cnn_small_none,120832,0.3100000023841858,0.0,1
shaped_v2_pruned_shots_random_medium_cnn_small_none,125952,0.2199999988079071,0.0,1
shaped_v2_pruned_shots_random_medium_cnn_small_none,130048,0.25,0.0,1
shaped_v2_pruned_shots_random_medium_cnn_small_none,135168,0.25,0.0,1
shaped_v2_pruned_shots_random_medium_cnn_small_none,140288,0.23999999463558197,0.0,1
shaped_v2_pruned_shots_random_medium_cnn_small_none,145408,0.33000001311302185,0.0,1
shaped_v2_pruned_shots_random_medium_cnn_small_none,150528,0.23999999463558197,0.0,1
shaped_v2_pruned_shots_random_medium_cnn_small_none,155648,0.25,0.0,1
shaped_v2_pruned_shots_random_medium_cnn_small_none,160768,0.30000001192092896,0.0,1
shaped_v2_pruned_shots_random_medium_cnn_small_none,165888,0.2800000011920929,0.0,1
shaped_v2_pruned_shots_random_medium_cnn_small_none,171008,0.30000001192092896,0.0,1
shaped_v2_pruned_shots_random_medium_cnn_small_none,175104,0.3199999928474426,0.0,1
shaped_v2_pruned_shots_random_medium_cnn_small_none,180224,0.3400000035762787,0.0,1
shaped_v2_pruned_shots_random_medium_cnn_small_none,185344,0.3400000035762787,0.0,1
shaped_v2_pruned_shots_random_medium_cnn_small_none,190464,0.3799999952316284,0.0,1
shaped_v2_pruned_shots_random_medium_cnn_small_none,195584,0.25,0.0,1
shaped_v2_pruned_shots_random_medium_cnn_small_none,200704,0.3100000023841858,0.0,1
shaped_v2_pruned_shots_random_medium_cnn_small_none,205824,0.28999999165534973,0.0,1
shaped_v2_pruned_shots_random_medium_cnn_small_none,210944,0.3199999928474426,0.0,1
shaped_v2_pruned_shots_random_medium_cnn_small_none,215040,0.4099999964237213,0.0,1
shaped_v2_pruned_shots_random_medium_cnn_small_none,220160,0.3499999940395355,0.0,1
shaped_v2_pruned_shots_random_medium_cnn_small_none,225280,0.38999998569488525,0.0,1
shaped_v2_pruned_shots_random_medium_cnn_small_none,230400,0.3499999940395355,0.0,1
shaped_v2_pruned_shots_random_medium_cnn_small_none,235520,0.33000001311302185,0.0,1
shaped_v2_pruned_shots_random_medium_cnn_small_none,240640,0.36000001430511475,0.0,1
shaped_v2_pruned_shots_random_medium_cnn_small_none,245760,0.38999998569488525,0.0,1
shaped_v2_pruned_shots_random_medium_cnn_small_none,250880,0.3199999928474426,0.0,1
shaped_v2_pruned_shots_random_medium_cnn_small_none,256000,0.4099999964237213,0.0,1
shaped_v2_pruned_shots_random_medium_cnn_small_none,260096,0.3199999928474426,0.0,1
shaped_v2_pruned_shots_random_medium_cnn_small_none,265216,0.27000001072883606,0.0,1
shaped_v2_pruned_shots_random_medium_cnn_small_none,270336,0.4399999976158142,0.0,1
shaped_v2_pruned_shots_random_medium_cnn_small_none,275456,0.3700000047683716,0.0,1
shaped_v2_pruned_shots_random_medium_cnn_small_none,280576,0.33000001311302185,0.0,1
shaped_v2_pruned_shots_random_medium_cnn_small_none,285696,0.3100000023841858,0.0,1
shaped_v2_pruned_shots_random_medium_cnn_small_none,290816,0.3199999928474426,0.0,1
shaped_v2_pruned_shots_random_medium_cnn_small_none,295936,0.38999998569488525,0.0,1
shaped_v2_pruned_shots_random_medium_cnn_small_none,300032,0.3799999952316284,0.0,1
shaped_v2_pruned_shots_random_medium_coord_cnn_none,5120,0.07999999821186066,0.0,1
shaped_v2_pruned_shots_random_medium_coord_cnn_none,10240,0.07999999821186066,0.0,1
shaped_v2_pruned_shots_random_medium_coord_cnn_none,15360,0.07999999821186066,0.0,1
shaped_v2_pruned_shots_random_medium_coord_cnn_none,20480,0.11999999731779099,0.0,1
shaped_v2_pruned_shots_random_medium_coord_cnn_none,25600,0.14000000059604645,0.0,1
shaped_v2_pruned_shots_random_medium_coord_cnn_none,30720,0.12999999523162842,0.0,1
shaped_v2_pruned_shots_random_medium_coord_cnn_none,35840,0.18000000715255737,0.0,1
shaped_v2_pruned_shots_random_medium_coord_cnn_none,40960,0.1899999976158142,0.0,1
shaped_v2_pruned_shots_random_medium_coord_cnn_none,45056,0.18000000715255737,0.0,1
shaped_v2_pruned_shots_random_medium_coord_cnn_none,50176,0.18000000715255737,0.0,1
shaped_v2_pruned_shots_random_medium_coord_cnn_none,55296,0.18000000715255737,0.0,1
shaped_v2_pruned_shots_random_medium_coord_cnn_none,60416,0.18000000715255737,0.0,1
shaped_v2_pruned_shots_random_medium_coord_cnn_none,65536,0.23999999463558197,0.0,1
shaped_v2_pruned_shots_random_medium_coord_cnn_none,70656,0.33000001311302185,0.0,1
shaped_v2_pruned_shots_random_medium_coord_cnn_none,75776,0.30000001192092896,0.0,1
shaped_v2_pruned_shots_random_medium_coord_cnn_none,80896,0.3100000023841858,0.0,1
shaped_v2_pruned_shots_random_medium_coord_cnn_none,86016,0.25,0.0,1
shaped_v2_pruned_shots_random_medium_coord_cnn_none,90112,0.28999999165534973,0.0,1
shaped_v2_pruned_shots_random_medium_coord_cnn_none,95232,0.27000001072883606,0.0,1
shaped_v2_pruned_shots_random_medium_coord_cnn_none,100352,0.2199999988079071,0.0,1
shaped_v2_pruned_shots_random_medium_coord_cnn_none,105472,0.25999999046325684,0.0,1
shaped_v2_pruned_shots_random_medium_coord_cnn_none,110592,0.28999999165534973,0.0,1
shaped_v2_pruned_shots_random_medium_coord_cnn_none,115712,0.36000001430511475,0.0,1
shaped_v2_pruned_shots_random_medium_coord_cnn_none,120832,0.3400000035762787,0.0,1
shaped_v2_pruned_shots_random_medium_coord_cnn_none,125952,0.2800000011920929,0.0,1
shaped_v2_pruned_shots_random_medium_coord_cnn_none,130048,0.27000001072883606,0.0,1
shaped_v2_pruned_shots_random_medium_coord_cnn_none,135168,0.2800000011920929,0.0,1
shaped_v2_pruned_shots_random_medium_coord_cnn_none,140288,0.2800000011920929,0.0,1
shaped_v2_pruned_shots_random_medium_coord_cnn_none,145408,0.3499999940395355,0.0,1
shaped_v2_pruned_shots_random_medium_coord_cnn_none,150528,0.25,0.0,1
shaped_v2_pruned_shots_random_medium_coord_cnn_none,155648,0.25,0.0,1
shaped_v2_pruned_shots_random_medium_coord_cnn_none,160768,0.3100000023841858,0.0,1
shaped_v2_pruned_shots_random_medium_coord_cnn_none,165888,0.27000001072883606,0.0,1
shaped_v2_pruned_shots_random_medium_coord_cnn_none,171008,0.3700000047683716,0.0,1
shaped_v2_pruned_shots_random_medium_coord_cnn_none,175104,0.33000001311302185,0.0,1
shaped_v2_pruned_shots_random_medium_coord_cnn_none,180224,0.27000001072883606,0.0,1
shaped_v2_pruned_shots_random_medium_coord_cnn_none,185344,0.25,0.0,1
shaped_v2_pruned_shots_random_medium_coord_cnn_none,190464,0.3100000023841858,0.0,1
shaped_v2_pruned_shots_random_medium_coord_cnn_none,195584,0.30000001192092896,0.0,1
shaped_v2_pruned_shots_random_medium_coord_cnn_none,200704,0.3499999940395355,0.0,1
shaped_v2_pruned_shots_random_medium_coord_cnn_none,205824,0.20999999344348907,0.0,1
shaped_v2_pruned_shots_random_medium_coord_cnn_none,210944,0.36000001430511475,0.0,1
shaped_v2_pruned_shots_random_medium_coord_cnn_none,215040,0.25999999046325684,0.0,1
shaped_v2_pruned_shots_random_medium_coord_cnn_none,220160,0.3199999928474426,0.0,1
shaped_v2_pruned_shots_random_medium_coord_cnn_none,225280,0.30000001192092896,0.0,1
shaped_v2_pruned_shots_random_medium_coord_cnn_none,230400,0.36000001430511475,0.0,1
shaped_v2_pruned_shots_random_medium_coord_cnn_none,235520,0.25999999046325684,0.0,1
shaped_v2_pruned_shots_random_medium_coord_cnn_none,240640,0.3100000023841858,0.0,1
shaped_v2_pruned_shots_random_medium_coord_cnn_none,245760,0.27000001072883606,0.0,1
shaped_v2_pruned_shots_random_medium_coord_cnn_none,250880,0.3400000035762787,0.0,1
shaped_v2_pruned_shots_random_medium_coord_cnn_none,256000,0.25999999046325684,0.0,1
shaped_v2_pruned_shots_random_medium_coord_cnn_none,260096,0.3499999940395355,0.0,1
shaped_v2_pruned_shots_random_medium_coord_cnn_none,265216,0.3499999940395355,0.0,1
shaped_v2_pruned_shots_random_medium_coord_cnn_none,270336,0.33000001311302185,0.0,1
shaped_v2_pruned_shots_random_medium_coord_cnn_none,275456,0.3400000035762787,0.0,1
shaped_v2_pruned_shots_random_medium_coord_cnn_none,280576,0.33000001311302185,0.0,1
shaped_v2_pruned_shots_random_medium_coord_cnn_none,285696,0.3400000035762787,0.0,1
shaped_v2_pruned_shots_random_medium_coord_cnn_none,290816,0.4000000059604645,0.0,1
shaped_v2_pruned_shots_random_medium_coord_cnn_none,295936,0.36000001430511475,0.0,1
shaped_v2_pruned_shots_random_medium_coord_cnn_none,300032,0.4099999964237213,0.0,1
shaped_v2_pruned_shots_random_medium_flat_none,5120,0.09000000233451526,0.06557438832212985,3
shaped_v2_pruned_shots_random_medium_flat_none,10240,0.15333333363135657,0.047258154812081433,3
shaped_v2_pruned_shots_random_medium_flat_none,15360,0.16666666666666666,0.0757187792034988,3
shaped_v2_pruned_shots_random_medium_flat_none,20480,0.24666666487852731,0.01527524587815381,3
shaped_v2_pruned_shots_random_medium_flat_none,25600,0.2733333359162013,0.04041451778631055,3
shaped_v2_pruned_shots_random_medium_flat_none,30720,0.2966666668653488,0.05131601917606495,3
shaped_v2_pruned_shots_random_medium_flat_none,35840,0.3033333321412404,0.07637626353361751,3
shaped_v2_pruned_shots_random_medium_flat_none,40960,0.31333333253860474,0.06027713957925821,3
shaped_v2_pruned_shots_random_medium_flat_none,45056,0.3266666730244954,0.05507569804154072,3
shaped_v2_pruned_shots_random_medium_flat_none,50176,0.3533333440621694,0.011547011578088903,3
shaped_v2_pruned_shots_random_medium_flat_none,55296,0.37333332498868305,0.028867503135653977,3
shaped_v2_pruned_shots_random_medium_flat_none,60416,0.3633333345254262,0.02516610459990972,3
shaped_v2_pruned_shots_random_medium_flat_none,65536,0.399999996026357,0.04582575877051038,3
shaped_v2_pruned_shots_random_medium_flat_none,70656,0.3966666559378306,0.040414514713742876,3
shaped_v2_pruned_shots_random_medium_flat_none,75776,0.39000000556310016,0.02645750477512399,3
shaped_v2_pruned_shots_random_medium_flat_none,80896,0.4166666666666667,0.03214550587422905,3
shaped_v2_pruned_shots_random_medium_flat_none,86016,0.41999999682108563,0.019999995827676715,3
shaped_v2_pruned_shots_random_medium_flat_none,90112,0.40333332618077594,0.01527525075570764,3
shaped_v2_pruned_shots_random_medium_flat_none,95232,0.44333333770434064,0.015275254007404484,3
shaped_v2_pruned_shots_random_medium_flat_none,100352,0.4499999980131785,0.01000000536442173,3
shaped_v2_pruned_shots_random_medium_flat_none,105472,0.45333332816759747,0.023094005949798952,3
shaped_v2_pruned_shots_random_medium_flat_none,110592,0.45666666825612384,0.015275254007404484,3
shaped_v2_pruned_shots_random_medium_flat_none,115712,0.43333332737286884,0.02081665684501577,3
shaped_v2_pruned_shots_random_medium_flat_none,120832,0.45999998847643536,0.04582575877051038,3
shaped_v2_pruned_shots_random_medium_flat_none,125952,0.4466666678587596,0.02081665684501577,3
shaped_v2_pruned_shots_random_medium_flat_none,130048,0.4666666587193807,0.03785938697780148,3
shaped_v2_pruned_shots_random_medium_flat_none,135168,0.4699999988079071,0.03605550729929376,3
shaped_v2_pruned_shots_random_medium_flat_none,140288,0.45333332816759747,0.02886752034203283,3
shaped_v2_pruned_shots_random_medium_flat_none,145408,0.4599999984105428,0.052915020814467056,3
shaped_v2_pruned_shots_random_medium_flat_none,150528,0.47333332896232605,0.03511884205236946,3
shaped_v2_pruned_shots_random_medium_flat_none,155648,0.46666666865348816,0.02516612038956399,3
shaped_v2_pruned_shots_random_medium_flat_none,160768,0.4633333384990692,0.03511884205236946,3
shaped_v2_pruned_shots_random_medium_flat_none,165888,0.45333332816759747,0.06806857318247808,3
shaped_v2_pruned_shots_random_medium_flat_none,171008,0.4533333381017049,0.05033222696317852,3
shaped_v2_pruned_shots_random_medium_flat_none,175104,0.476666659116745,0.05033221117352239,3
shaped_v2_pruned_shots_random_medium_flat_none,180224,0.44333332777023315,0.04041453192012173,3
shaped_v2_pruned_shots_random_medium_flat_none,185344,0.4766666690508525,0.01527525075570764,3
shaped_v2_pruned_shots_random_medium_flat_none,190464,0.4599999984105428,0.04358898205131552,3
shaped_v2_pruned_shots_random_medium_flat_none,195584,0.44333332777023315,0.03511884205236946,3
shaped_v2_pruned_shots_random_medium_flat_none,200704,0.4699999988079071,0.026457516039344663,3
shaped_v2_pruned_shots_random_medium_flat_none,205824,0.46333332856496173,0.037859397473595006,3
shaped_v2_pruned_shots_random_medium_flat_none,210944,0.4799999992052714,0.03605551143213283,3
shaped_v2_pruned_shots_random_medium_flat_none,215040,0.4699999888737996,0.05291500955024798,3
shaped_v2_pruned_shots_random_medium_flat_none,220160,0.4833333194255829,0.06429099475149493,3
shaped_v2_pruned_shots_random_medium_flat_none,225280,0.48999998966852826,0.04582574576371193,3
shaped_v2_pruned_shots_random_medium_flat_none,230400,0.503333330154419,0.01154699437171005,3
shaped_v2_pruned_shots_random_medium_flat_none,235520,0.49333332975705463,0.02081665684501577,3
shaped_v2_pruned_shots_random_medium_flat_none,240640,0.5266666611035665,0.03785938697780148,3
shaped_v2_pruned_shots_random_medium_flat_none,245760,0.5266666611035665,0.07505555209514762,3
shaped_v2_pruned_shots_random_medium_flat_none,250880,0.5033333400885264,0.03214551669047865,3
shaped_v2_pruned_shots_random_medium_flat_none,256000,0.5166666607062022,0.055075697139682155,3
shaped_v2_pruned_shots_random_medium_flat_none,260096,0.5199999908606211,0.04582575551881354,3
shaped_v2_pruned_shots_random_medium_flat_none,265216,0.5100000003973643,0.04582575877051038,3
shaped_v2_pruned_shots_random_medium_flat_none,270336,0.4799999992052714,0.05196154349821063,3
shaped_v2_pruned_shots_random_medium_flat_none,275456,0.5133333404858907,0.03214550587422905,3
shaped_v2_pruned_shots_random_medium_flat_none,280576,0.52333332101504,0.040414523316935055,3
shaped_v2_pruned_shots_random_medium_flat_none,285696,0.52333332101504,0.05507569804154072,3
shaped_v2_pruned_shots_random_medium_flat_none,290816,0.526666651169459,0.05033222696317852,3
shaped_v2_pruned_shots_random_medium_flat_none,295936,0.54666668176651,0.0550757124712893,3
shaped_v2_pruned_shots_random_medium_flat_none,300032,0.5433333317438761,0.05033221314723115,3
shaped_v2_pruned_shots_random_medium_flat_relative_v1,5120,0.1599999964237213,0.0,1
shaped_v2_pruned_shots_random_medium_flat_relative_v1,10240,0.2199999988079071,0.0,1
shaped_v2_pruned_shots_random_medium_flat_relative_v1,15360,0.20999999344348907,0.0,1
shaped_v2_pruned_shots_random_medium_flat_relative_v1,20480,0.25,0.0,1
shaped_v2_pruned_shots_random_medium_flat_relative_v1,25600,0.23000000417232513,0.0,1
shaped_v2_pruned_shots_random_medium_flat_relative_v1,30720,0.28999999165534973,0.0,1
shaped_v2_pruned_shots_random_medium_flat_relative_v1,35840,0.30000001192092896,0.0,1
shaped_v2_pruned_shots_random_medium_flat_relative_v1,40960,0.3499999940395355,0.0,1
shaped_v2_pruned_shots_random_medium_flat_relative_v1,45056,0.3100000023841858,0.0,1
shaped_v2_pruned_shots_random_medium_flat_relative_v1,50176,0.3100000023841858,0.0,1
shaped_v2_pruned_shots_random_medium_flat_relative_v1,55296,0.3100000023841858,0.0,1
shaped_v2_pruned_shots_random_medium_flat_relative_v1,60416,0.3199999928474426,0.0,1
shaped_v2_pruned_shots_random_medium_flat_relative_v1,65536,0.3499999940395355,0.0,1
shaped_v2_pruned_shots_random_medium_flat_relative_v1,70656,0.4099999964237213,0.0,1
shaped_v2_pruned_shots_random_medium_flat_relative_v1,75776,0.4000000059604645,0.0,1
shaped_v2_pruned_shots_random_medium_flat_relative_v1,80896,0.38999998569488525,0.0,1
shaped_v2_pruned_shots_random_medium_flat_relative_v1,86016,0.4099999964237213,0.0,1
shaped_v2_pruned_shots_random_medium_flat_relative_v1,90112,0.38999998569488525,0.0,1
shaped_v2_pruned_shots_random_medium_flat_relative_v1,95232,0.41999998688697815,0.0,1
shaped_v2_pruned_shots_random_medium_flat_relative_v1,100352,0.44999998807907104,0.0,1
shaped_v2_pruned_shots_random_medium_flat_relative_v1,105472,0.41999998688697815,0.0,1
shaped_v2_pruned_shots_random_medium_flat_relative_v1,110592,0.4099999964237213,0.0,1
shaped_v2_pruned_shots_random_medium_flat_relative_v1,115712,0.46000000834465027,0.0,1
shaped_v2_pruned_shots_random_medium_flat_relative_v1,120832,0.4699999988079071,0.0,1
shaped_v2_pruned_shots_random_medium_flat_relative_v1,125952,0.47999998927116394,0.0,1
shaped_v2_pruned_shots_random_medium_flat_relative_v1,130048,0.47999998927116394,0.0,1
shaped_v2_pruned_shots_random_medium_flat_relative_v1,135168,0.5,0.0,1
shaped_v2_pruned_shots_random_medium_flat_relative_v1,140288,0.5,0.0,1
shaped_v2_pruned_shots_random_medium_flat_relative_v1,145408,0.4699999988079071,0.0,1
shaped_v2_pruned_shots_random_medium_flat_relative_v1,150528,0.5299999713897705,0.0,1
shaped_v2_pruned_shots_random_medium_flat_relative_v1,155648,0.5,0.0,1
shaped_v2_pruned_shots_random_medium_flat_relative_v1,160768,0.46000000834465027,0.0,1
shaped_v2_pruned_shots_random_medium_flat_relative_v1,165888,0.5,0.0,1
shaped_v2_pruned_shots_random_medium_flat_relative_v1,171008,0.5,0.0,1
shaped_v2_pruned_shots_random_medium_flat_relative_v1,175104,0.5099999904632568,0.0,1
shaped_v2_pruned_shots_random_medium_flat_relative_v1,180224,0.5,0.0,1
shaped_v2_pruned_shots_random_medium_flat_relative_v1,185344,0.5400000214576721,0.0,1
shaped_v2_pruned_shots_random_medium_flat_relative_v1,190464,0.5199999809265137,0.0,1
shaped_v2_pruned_shots_random_medium_flat_relative_v1,195584,0.5299999713897705,0.0,1
shaped_v2_pruned_shots_random_medium_flat_relative_v1,200704,0.550000011920929,0.0,1
shaped_v2_pruned_shots_random_medium_flat_relative_v1,205824,0.5600000023841858,0.0,1
shaped_v2_pruned_shots_random_medium_flat_relative_v1,210944,0.550000011920929,0.0,1
shaped_v2_pruned_shots_random_medium_flat_relative_v1,215040,0.5299999713897705,0.0,1
shaped_v2_pruned_shots_random_medium_flat_relative_v1,220160,0.5699999928474426,0.0,1
shaped_v2_pruned_shots_random_medium_flat_relative_v1,225280,0.5699999928474426,0.0,1
shaped_v2_pruned_shots_random_medium_flat_relative_v1,230400,0.550000011920929,0.0,1
shaped_v2_pruned_shots_random_medium_flat_relative_v1,235520,0.550000011920929,0.0,1
shaped_v2_pruned_shots_random_medium_flat_relative_v1,240640,0.5600000023841858,0.0,1
shaped_v2_pruned_shots_random_medium_flat_relative_v1,245760,0.5799999833106995,0.0,1
shaped_v2_pruned_shots_random_medium_flat_relative_v1,250880,0.5699999928474426,0.0,1
shaped_v2_pruned_shots_random_medium_flat_relative_v1,256000,0.5400000214576721,0.0,1
shaped_v2_pruned_shots_random_medium_flat_relative_v1,260096,0.5299999713897705,0.0,1
shaped_v2_pruned_shots_random_medium_flat_relative_v1,265216,0.5299999713897705,0.0,1
shaped_v2_pruned_shots_random_medium_flat_relative_v1,270336,0.5600000023841858,0.0,1
shaped_v2_pruned_shots_random_medium_flat_relative_v1,275456,0.550000011920929,0.0,1
shaped_v2_pruned_shots_random_medium_flat_relative_v1,280576,0.5699999928474426,0.0,1
shaped_v2_pruned_shots_random_medium_flat_relative_v1,285696,0.5799999833106995,0.0,1
shaped_v2_pruned_shots_random_medium_flat_relative_v1,290816,0.5600000023841858,0.0,1
shaped_v2_pruned_shots_random_medium_flat_relative_v1,295936,0.5600000023841858,0.0,1
shaped_v2_pruned_shots_random_medium_flat_relative_v1,300032,0.5199999809265137,0.0,1
shaped_v2_pruned_shots_random_medium_flat_relative_v2,5120,0.017500000074505806,0.023629078457087574,4
shaped_v2_pruned_shots_random_medium_flat_relative_v2,10240,0.12249999865889549,0.026299554451461055,4
shaped_v2_pruned_shots_random_medium_flat_relative_v2,15360,0.1899999976158142,0.04242640270333801,4
shaped_v2_pruned_shots_random_medium_flat_relative_v2,20480,0.21249999850988388,0.03201561625356317,4
shaped_v2_pruned_shots_random_medium_flat_relative_v2,25600,0.2550000064074993,0.01914854594230756,4
shaped_v2_pruned_shots_random_medium_flat_relative_v2,30720,0.2849999964237213,0.033166258207200844,4
shaped_v2_pruned_shots_random_medium_flat_relative_v2,35840,0.32500001043081284,0.017320505896214592,4
shaped_v2_pruned_shots_random_medium_flat_relative_v2,40960,0.35749999433755875,0.028722814374032197,4
shaped_v2_pruned_shots_random_medium_flat_relative_v2,45056,0.3475000038743019,0.027537852628209757,4
shaped_v2_pruned_shots_random_medium_flat_relative_v2,50176,0.3800000101327896,0.023094005949798952,4
shaped_v2_pruned_shots_random_medium_flat_relative_v2,55296,0.4074999913573265,0.03499999429498469,4
shaped_v2_pruned_shots_random_medium_flat_relative_v2,60416,0.4125000014901161,0.03862209157168379,4
shaped_v2_pruned_shots_random_medium_flat_relative_v2,65536,0.4299999997019768,0.045460612561891094,4
shaped_v2_pruned_shots_random_medium_flat_relative_v2,70656,0.4450000002980232,0.046547459769740764,4
shaped_v2_pruned_shots_random_medium_flat_relative_v2,75776,0.44749999791383743,0.08770215244140267,4
shaped_v2_pruned_shots_random_medium_flat_relative_v2,80896,0.45250000804662704,0.07365460224005334,4
shaped_v2_pruned_shots_random_medium_flat_relative_v2,86016,0.4675000011920929,0.06800735195938123,4
shaped_v2_pruned_shots_random_medium_flat_relative_v2,90112,0.47999999672174454,0.057154761777329914,4
shaped_v2_pruned_shots_random_medium_flat_relative_v2,95232,0.48250000178813934,0.05057998331541497,4
shaped_v2_pruned_shots_random_medium_flat_relative_v2,100352,0.4725000038743019,0.04787136524486297,4
shaped_v2_pruned_shots_random_medium_flat_relative_v2,105472,0.4950000047683716,0.047258153235511184,4
shaped_v2_pruned_shots_random_medium_flat_relative_v2,110592,0.4950000122189522,0.033166253714331496,4
shaped_v2_pruned_shots_random_medium_flat_relative_v2,115712,0.5,0.03559026876723547,4
shaped_v2_pruned_shots_random_medium_flat_relative_v2,120832,0.5075000002980232,0.04349329013978834,4
shaped_v2_pruned_shots_random_medium_flat_relative_v2,125952,0.5099999904632568,0.01154699437171005,4
shaped_v2_pruned_shots_random_medium_flat_relative_v2,130048,0.48749999701976776,0.02499999006589459,4
shaped_v2_pruned_shots_random_medium_flat_relative_v2,135168,0.5199999883770943,0.02943920855683755,4
shaped_v2_pruned_shots_random_medium_flat_relative_v2,140288,0.5199999958276749,0.05944184846745543,4
shaped_v2_pruned_shots_random_medium_flat_relative_v2,145408,0.5199999883770943,0.046904148872245095,4
shaped_v2_pruned_shots_random_medium_flat_relative_v2,150528,0.5075000002980232,0.02753785984308713,4
shaped_v2_pruned_shots_random_medium_flat_relative_v2,155648,0.5324999988079071,0.02061554219883921,4
shaped_v2_pruned_shots_random_medium_flat_relative_v2,160768,0.5275000110268593,0.04573474281596755,4
shaped_v2_pruned_shots_random_medium_flat_relative_v2,165888,0.5425000041723251,0.02362908292403977,4
shaped_v2_pruned_shots_random_medium_flat_relative_v2,171008,0.5549999922513962,0.023804767938606263,4
shaped_v2_pruned_shots_random_medium_flat_relative_v2,175104,0.5399999916553497,0.0476095108382527,4
shaped_v2_pruned_shots_random_medium_flat_relative_v2,180224,0.5525000095367432,0.0368555873484196,4
shaped_v2_pruned_shots_random_medium_flat_relative_v2,185344,0.5275000035762787,0.01500001880857972,4
shaped_v2_pruned_shots_random_medium_flat_relative_v2,190464,0.5474999994039536,0.050579975459258825,4
shaped_v2_pruned_shots_random_medium_flat_relative_v2,195584,0.505000002682209,0.03415650633413141,4
shaped_v2_pruned_shots_random_medium_flat_relative_v2,200704,0.5399999916553497,0.02943920855683378,4
shaped_v2_pruned_shots_random_medium_flat_relative_v2,205824,0.5424999892711639,0.03593976055167775,4
shaped_v2_pruned_shots_random_medium_flat_relative_v2,210944,0.5475000143051147,0.009574261946826956,4
shaped_v2_pruned_shots_random_medium_flat_relative_v2,215040,0.564999982714653,0.023804767938606263,4
shaped_v2_pruned_shots_random_medium_flat_relative_v2,220160,0.5674999952316284,0.020615508467588608,4
shaped_v2_pruned_shots_random_medium_flat_relative_v2,225280,0.5649999976158142,0.05916080857769015,4
shaped_v2_pruned_shots_random_medium_flat_relative_v2,230400,0.5775000005960464,0.040311305745501486,4
shaped_v2_pruned_shots_random_medium_flat_relative_v2,235520,0.5974999964237213,0.03862209735897712,4
shaped_v2_pruned_shots_random_medium_flat_relative_v2,240640,0.6050000041723251,0.02081666400330931,4
shaped_v2_pruned_shots_random_medium_flat_relative_v2,245760,0.5799999982118607,0.033665037471405146,4
shaped_v2_pruned_shots_random_medium_flat_relative_v2,250880,0.5925000011920929,0.027537858941224874,4
shaped_v2_pruned_shots_random_medium_flat_relative_v2,256000,0.5875000059604645,0.03499999784288251,4
shaped_v2_pruned_shots_random_medium_flat_relative_v2,260096,0.5649999976158142,0.031091278591383244,4
shaped_v2_pruned_shots_random_medium_flat_relative_v2,265216,0.5850000083446503,0.03000000450346351,4
shaped_v2_pruned_shots_random_medium_flat_relative_v2,270336,0.5724999904632568,0.009574261946826956,4
shaped_v2_pruned_shots_random_medium_flat_relative_v2,275456,0.5799999982118607,0.025819887435737682,4
shaped_v2_pruned_shots_random_medium_flat_relative_v2,280576,0.5775000154972076,0.033040380899461146,4
shaped_v2_pruned_shots_random_medium_flat_relative_v2,285696,0.5700000077486038,0.040824819312989,4
shaped_v2_pruned_shots_random_medium_flat_relative_v2,290816,0.5650000125169754,0.05446712005738658,4
shaped_v2_pruned_shots_random_medium_flat_relative_v2,295936,0.5650000125169754,0.04358897749323435,4
shaped_v2_pruned_shots_random_medium_flat_relative_v2,300032,0.5675000101327896,0.022173565800768177,4
shaped_v2_pruned_shots_random_medium_transformer_none,5120,0.0,0.0,1
shaped_v2_pruned_shots_random_medium_transformer_none,10240,0.09000000357627869,0.0,1
shaped_v2_pruned_shots_random_medium_transformer_none,15360,0.17000000178813934,0.0,1
shaped_v2_pruned_shots_random_medium_transformer_none,20480,0.17000000178813934,0.0,1
shaped_v2_pruned_shots_random_medium_transformer_none,25600,0.11999999731779099,0.0,1
shaped_v2_pruned_shots_random_medium_transformer_none,30720,0.12999999523162842,0.0,1
shaped_v2_pruned_shots_random_medium_transformer_none,35840,0.18000000715255737,0.0,1
shaped_v2_pruned_shots_random_medium_transformer_none,40960,0.20000000298023224,0.0,1
shaped_v2_pruned_shots_random_medium_transformer_none,45056,0.17000000178813934,0.0,1
shaped_v2_pruned_shots_random_medium_transformer_none,50176,0.18000000715255737,0.0,1
shaped_v2_pruned_shots_random_medium_transformer_none,55296,0.1899999976158142,0.0,1
shaped_v2_pruned_shots_random_medium_transformer_none,60416,0.1899999976158142,0.0,1
shaped_v2_pruned_shots_random_medium_transformer_none,65536,0.18000000715255737,0.0,1
shaped_v2_pruned_shots_random_medium_transformer_none,70656,0.20000000298023224,0.0,1
shaped_v2_pruned_shots_random_medium_transformer_none,75776,0.2199999988079071,0.0,1
shaped_v2_pruned_shots_random_medium_transformer_none,80896,0.25999999046325684,0.0,1
shaped_v2_pruned_shots_random_medium_transformer_none,86016,0.27000001072883606,0.0,1
shaped_v2_pruned_shots_random_medium_transformer_none,90112,0.25,0.0,1
shaped_v2_pruned_shots_random_medium_transformer_none,95232,0.18000000715255737,0.0,1
shaped_v2_pruned_shots_random_medium_transformer_none,100352,0.3400000035762787,0.0,1
shaped_v2_pruned_shots_random_medium_transformer_none,105472,0.28999999165534973,0.0,1
shaped_v2_pruned_shots_random_medium_transformer_none,110592,0.1599999964237213,0.0,1
shaped_v2_pruned_shots_random_medium_transformer_none,115712,0.25999999046325684,0.0,1
shaped_v2_pruned_shots_random_medium_transformer_none,120832,0.3199999928474426,0.0,1
shaped_v2_pruned_shots_random_medium_transformer_none,125952,0.30000001192092896,0.0,1
shaped_v2_pruned_shots_random_medium_transformer_none,130048,0.30000001192092896,0.0,1
shaped_v2_pruned_shots_random_medium_transformer_none,135168,0.18000000715255737,0.0,1
shaped_v2_pruned_shots_random_medium_transformer_none,140288,0.28999999165534973,0.0,1
shaped_v2_pruned_shots_random_medium_transformer_none,145408,0.25,0.0,1
shaped_v2_pruned_shots_random_medium_transformer_none,150528,0.28999999165534973,0.0,1
shaped_v2_pruned_shots_random_medium_transformer_none,155648,0.23999999463558197,0.0,1
shaped_v2_pruned_shots_random_medium_transformer_none,160768,0.25,0.0,1
shaped_v2_pruned_shots_random_medium_transformer_none,165888,0.2800000011920929,0.0,1
shaped_v2_pruned_shots_random_medium_transformer_none,171008,0.28999999165534973,0.0,1
shaped_v2_pruned_shots_random_medium_transformer_none,175104,0.30000001192092896,0.0,1
shaped_v2_pruned_shots_random_medium_transformer_none,180224,0.20999999344348907,0.0,1
shaped_v2_pruned_shots_random_medium_transformer_none,185344,0.25,0.0,1
shaped_v2_pruned_shots_random_medium_transformer_none,190464,0.2199999988079071,0.0,1
shaped_v2_pruned_shots_random_medium_transformer_none,195584,0.2800000011920929,0.0,1
shaped_v2_pruned_shots_random_medium_transformer_none,200704,0.33000001311302185,0.0,1
shaped_v2_pruned_shots_random_medium_transformer_none,205824,0.3499999940395355,0.0,1
shaped_v2_pruned_shots_random_medium_transformer_none,210944,0.28999999165534973,0.0,1
shaped_v2_pruned_shots_random_medium_transformer_none,215040,0.20000000298023224,0.0,1
shaped_v2_pruned_shots_random_medium_transformer_none,220160,0.30000001192092896,0.0,1
shaped_v2_pruned_shots_random_medium_transformer_none,225280,0.2800000011920929,0.0,1
shaped_v2_pruned_shots_random_medium_transformer_none,230400,0.25,0.0,1
shaped_v2_pruned_shots_random_medium_transformer_none,235520,0.3400000035762787,0.0,1
shaped_v2_pruned_shots_random_medium_transformer_none,240640,0.28999999165534973,0.0,1
shaped_v2_pruned_shots_random_medium_transformer_none,245760,0.30000001192092896,0.0,1
shaped_v2_pruned_shots_random_medium_transformer_none,250880,0.2800000011920929,0.0,1
shaped_v2_pruned_shots_random_medium_transformer_none,256000,0.30000001192092896,0.0,1
shaped_v2_pruned_shots_random_medium_transformer_none,260096,0.27000001072883606,0.0,1
shaped_v2_pruned_shots_random_medium_transformer_none,265216,0.30000001192092896,0.0,1
shaped_v2_pruned_shots_random_medium_transformer_none,270336,0.28999999165534973,0.0,1
shaped_v2_pruned_shots_random_medium_transformer_none,275456,0.28999999165534973,0.0,1
shaped_v2_pruned_shots_random_medium_transformer_none,280576,0.30000001192092896,0.0,1
shaped_v2_pruned_shots_random_medium_transformer_none,285696,0.23000000417232513,0.0,1
shaped_v2_pruned_shots_random_medium_transformer_none,290816,0.23999999463558197,0.0,1
shaped_v2_pruned_shots_random_medium_transformer_none,295936,0.25,0.0,1
shaped_v2_pruned_shots_random_medium_transformer_none,300032,0.25,0.0,1
shaped_v2_pruned_shots_random_medium_unet_lite_none,5120,0.0,0.0,1
shaped_v2_pruned_shots_random_medium_unet_lite_none,10240,0.019999999552965164,0.0,1
shaped_v2_pruned_shots_random_medium_unet_lite_none,15360,0.11999999731779099,0.0,1
shaped_v2_pruned_shots_random_medium_unet_lite_none,20480,0.17000000178813934,0.0,1
shaped_v2_pruned_shots_random_medium_unet_lite_none,25600,0.17000000178813934,0.0,1
shaped_v2_pruned_shots_random_medium_unet_lite_none,30720,0.17000000178813934,0.0,1
shaped_v2_pruned_shots_random_medium_unet_lite_none,35840,0.18000000715255737,0.0,1
shaped_v2_pruned_shots_random_medium_unet_lite_none,40960,0.18000000715255737,0.0,1
shaped_v2_pruned_shots_random_medium_unet_lite_none,45056,0.18000000715255737,0.0,1
shaped_v2_pruned_shots_random_medium_unet_lite_none,50176,0.14000000059604645,0.0,1
shaped_v2_pruned_shots_random_medium_unet_lite_none,55296,0.12999999523162842,0.0,1
shaped_v2_pruned_shots_random_medium_unet_lite_none,60416,0.14000000059604645,0.0,1
shaped_v2_pruned_shots_random_medium_unet_lite_none,65536,0.14000000059604645,0.0,1
shaped_v2_pruned_shots_random_medium_unet_lite_none,70656,0.15000000596046448,0.0,1
shaped_v2_pruned_shots_random_medium_unet_lite_none,75776,0.14000000059604645,0.0,1
shaped_v2_pruned_shots_random_medium_unet_lite_none,80896,0.14000000059604645,0.0,1
shaped_v2_pruned_shots_random_medium_unet_lite_none,86016,0.15000000596046448,0.0,1
shaped_v2_pruned_shots_random_medium_unet_lite_none,90112,0.15000000596046448,0.0,1
shaped_v2_pruned_shots_random_medium_unet_lite_none,95232,0.14000000059604645,0.0,1
shaped_v2_pruned_shots_random_medium_unet_lite_none,100352,0.07999999821186066,0.0,1
shaped_v2_pruned_shots_random_medium_unet_lite_none,105472,0.14000000059604645,0.0,1
shaped_v2_pruned_shots_random_medium_unet_lite_none,110592,0.15000000596046448,0.0,1
shaped_v2_pruned_shots_random_medium_unet_lite_none,115712,0.14000000059604645,0.0,1
shaped_v2_pruned_shots_random_medium_unet_lite_none,120832,0.15000000596046448,0.0,1
shaped_v2_pruned_shots_random_medium_unet_lite_none,125952,0.18000000715255737,0.0,1
shaped_v2_pruned_shots_random_medium_unet_lite_none,130048,0.2199999988079071,0.0,1
shaped_v2_pruned_shots_random_medium_unet_lite_none,135168,0.18000000715255737,0.0,1
shaped_v2_pruned_shots_random_medium_unet_lite_none,140288,0.20000000298023224,0.0,1
shaped_v2_pruned_shots_random_medium_unet_lite_none,145408,0.23000000417232513,0.0,1
shaped_v2_pruned_shots_random_medium_unet_lite_none,150528,0.28999999165534973,0.0,1
shaped_v2_pruned_shots_random_medium_unet_lite_none,155648,0.2800000011920929,0.0,1
shaped_v2_pruned_shots_random_medium_unet_lite_none,160768,0.27000001072883606,0.0,1
shaped_v2_pruned_shots_random_medium_unet_lite_none,165888,0.2800000011920929,0.0,1
shaped_v2_pruned_shots_random_medium_unet_lite_none,171008,0.2800000011920929,0.0,1
shaped_v2_pruned_shots_random_medium_unet_lite_none,175104,0.30000001192092896,0.0,1
shaped_v2_pruned_shots_random_medium_unet_lite_none,180224,0.23000000417232513,0.0,1
shaped_v2_pruned_shots_random_medium_unet_lite_none,185344,0.3100000023841858,0.0,1
shaped_v2_pruned_shots_random_medium_unet_lite_none,190464,0.3100000023841858,0.0,1
shaped_v2_pruned_shots_random_medium_unet_lite_none,195584,0.3100000023841858,0.0,1
shaped_v2_pruned_shots_random_medium_unet_lite_none,200704,0.3100000023841858,0.0,1
shaped_v2_pruned_shots_random_medium_unet_lite_none,205824,0.3100000023841858,0.0,1
shaped_v2_pruned_shots_random_medium_unet_lite_none,210944,0.2800000011920929,0.0,1
shaped_v2_pruned_shots_random_medium_unet_lite_none,215040,0.28999999165534973,0.0,1
shaped_v2_pruned_shots_random_medium_unet_lite_none,220160,0.27000001072883606,0.0,1
shaped_v2_pruned_shots_random_medium_unet_lite_none,225280,0.3400000035762787,0.0,1
shaped_v2_pruned_shots_random_medium_unet_lite_none,230400,0.25999999046325684,0.0,1
shaped_v2_pruned_shots_random_medium_unet_lite_none,235520,0.20000000298023224,0.0,1
shaped_v2_pruned_shots_random_medium_unet_lite_none,240640,0.3100000023841858,0.0,1
shaped_v2_pruned_shots_random_medium_unet_lite_none,245760,0.23999999463558197,0.0,1
shaped_v2_pruned_shots_random_medium_unet_lite_none,250880,0.20999999344348907,0.0,1
shaped_v2_pruned_shots_random_medium_unet_lite_none,256000,0.1599999964237213,0.0,1
shaped_v2_pruned_shots_random_medium_unet_lite_none,260096,0.23000000417232513,0.0,1
shaped_v2_pruned_shots_random_medium_unet_lite_none,265216,0.3100000023841858,0.0,1
shaped_v2_pruned_shots_random_medium_unet_lite_none,270336,0.25,0.0,1
shaped_v2_pruned_shots_random_medium_unet_lite_none,275456,0.27000001072883606,0.0,1
shaped_v2_pruned_shots_random_medium_unet_lite_none,280576,0.30000001192092896,0.0,1
shaped_v2_pruned_shots_random_medium_unet_lite_none,285696,0.23999999463558197,0.0,1
shaped_v2_pruned_shots_random_medium_unet_lite_none,290816,0.25,0.0,1
shaped_v2_pruned_shots_random_medium_unet_lite_none,295936,0.27000001072883606,0.0,1
shaped_v2_pruned_shots_random_medium_unet_lite_none,300032,0.25999999046325684,0.0,1
shaped_v2_pruned_shots_random_medium_unknown_none,5120,0.029999999329447746,0.0,1
shaped_v2_pruned_shots_random_medium_unknown_none,10240,0.009999999776482582,0.0,1
shaped_v2_pruned_shots_random_medium_unknown_none,15360,0.11999999731779099,0.0,1
shaped_v2_pruned_shots_random_medium_unknown_none,20480,0.20000000298023224,0.0,1
shaped_v2_pruned_shots_random_medium_unknown_none,25600,0.2199999988079071,0.0,1
shaped_v2_pruned_shots_random_medium_unknown_none,30720,0.20000000298023224,0.0,1
shaped_v2_pruned_shots_random_medium_unknown_none,35840,0.30000001192092896,0.0,1
shaped_v2_pruned_shots_random_medium_unknown_none,40960,0.25999999046325684,0.0,1
shaped_v2_pruned_shots_random_medium_unknown_none,45056,0.23999999463558197,0.0,1
shaped_v2_pruned_shots_random_medium_unknown_none,50176,0.25999999046325684,0.0,1
shaped_v2_pruned_shots_random_medium_unknown_none,55296,0.3499999940395355,0.0,1
shaped_v2_pruned_shots_random_medium_unknown_none,60416,0.38999998569488525,0.0,1
shaped_v2_pruned_shots_random_medium_unknown_none,65536,0.4000000059604645,0.0,1
shaped_v2_pruned_shots_random_medium_unknown_none,70656,0.41999998688697815,0.0,1
shaped_v2_pruned_shots_random_medium_unknown_none,75776,0.3799999952316284,0.0,1
shaped_v2_pruned_shots_random_medium_unknown_none,80896,0.38999998569488525,0.0,1
shaped_v2_pruned_shots_random_medium_unknown_none,86016,0.41999998688697815,0.0,1
shaped_v2_pruned_shots_random_medium_unknown_none,90112,0.46000000834465027,0.0,1
shaped_v2_pruned_shots_random_medium_unknown_none,95232,0.46000000834465027,0.0,1
shaped_v2_pruned_shots_random_medium_unknown_none,100352,0.44999998807907104,0.0,1
shaped_v2_pruned_shots_random_medium_unknown_none,105472,0.41999998688697815,0.0,1
shaped_v2_pruned_shots_random_medium_unknown_none,110592,0.4000000059604645,0.0,1
shaped_v2_pruned_shots_random_medium_unknown_none,115712,0.4300000071525574,0.0,1
shaped_v2_pruned_shots_random_medium_unknown_none,120832,0.4399999976158142,0.0,1
shaped_v2_pruned_shots_random_medium_unknown_none,125952,0.4300000071525574,0.0,1
shaped_v2_pruned_shots_random_medium_unknown_none,130048,0.4300000071525574,0.0,1
shaped_v2_pruned_shots_random_medium_unknown_none,135168,0.4099999964237213,0.0,1
shaped_v2_pruned_shots_random_medium_unknown_none,140288,0.41999998688697815,0.0,1
shaped_v2_pruned_shots_random_medium_unknown_none,145408,0.4099999964237213,0.0,1
shaped_v2_pruned_shots_random_medium_unknown_none,150528,0.49000000953674316,0.0,1
shaped_v2_pruned_shots_random_medium_unknown_none,155648,0.5099999904632568,0.0,1
shaped_v2_pruned_shots_random_medium_unknown_none,160768,0.5,0.0,1
shaped_v2_pruned_shots_random_medium_unknown_none,165888,0.47999998927116394,0.0,1
shaped_v2_pruned_shots_random_medium_unknown_none,171008,0.5099999904632568,0.0,1
shaped_v2_pruned_shots_random_medium_unknown_none,175104,0.5199999809265137,0.0,1
shaped_v2_pruned_shots_random_medium_unknown_none,180224,0.49000000953674316,0.0,1
shaped_v2_pruned_shots_random_medium_unknown_none,185344,0.4699999988079071,0.0,1
shaped_v2_pruned_shots_random_medium_unknown_none,190464,0.5,0.0,1
shaped_v2_pruned_shots_random_medium_unknown_none,195584,0.5,0.0,1
shaped_v2_pruned_shots_random_medium_unknown_none,200704,0.49000000953674316,0.0,1
shaped_v2_pruned_shots_random_medium_unknown_none,205824,0.4699999988079071,0.0,1
shaped_v2_pruned_shots_random_medium_unknown_none,210944,0.4699999988079071,0.0,1
shaped_v2_pruned_shots_random_medium_unknown_none,215040,0.5,0.0,1
shaped_v2_pruned_shots_random_medium_unknown_none,220160,0.5099999904632568,0.0,1
shaped_v2_pruned_shots_random_medium_unknown_none,225280,0.550000011920929,0.0,1
shaped_v2_pruned_shots_random_medium_unknown_none,230400,0.550000011920929,0.0,1
shaped_v2_pruned_shots_random_medium_unknown_none,235520,0.5299999713897705,0.0,1
shaped_v2_pruned_shots_random_medium_unknown_none,240640,0.5199999809265137,0.0,1
shaped_v2_pruned_shots_random_medium_unknown_none,245760,0.5600000023841858,0.0,1
shaped_v2_pruned_shots_random_medium_unknown_none,250880,0.5699999928474426,0.0,1
shaped_v2_pruned_shots_random_medium_unknown_none,256000,0.5699999928474426,0.0,1
shaped_v2_pruned_shots_random_medium_unknown_none,260096,0.5099999904632568,0.0,1
shaped_v2_pruned_shots_random_medium_unknown_none,265216,0.5099999904632568,0.0,1
shaped_v2_pruned_shots_random_medium_unknown_none,270336,0.5400000214576721,0.0,1
shaped_v2_pruned_shots_random_medium_unknown_none,275456,0.550000011920929,0.0,1
shaped_v2_pruned_shots_random_medium_unknown_none,280576,0.5400000214576721,0.0,1
shaped_v2_pruned_shots_random_medium_unknown_none,285696,0.5600000023841858,0.0,1
shaped_v2_pruned_shots_random_medium_unknown_none,290816,0.5299999713897705,0.0,1
shaped_v2_pruned_shots_random_medium_unknown_none,295936,0.5600000023841858,0.0,1
shaped_v2_pruned_shots_random_medium_unknown_none,300032,0.550000011920929,0.0,1
