Step,shaped_v2_pruned_shots_random_medium_cnn_seed42_ppo_shaped_v2_2,shaped_v2_pruned_shots_random_medium_cnn_small_seed42_ppo_shaped_v2_2,shaped_v2_pruned_shots_random_medium_coord_cnn_seed42_ppo_shaped_v2_1,shaped_v2_pruned_shots_random_medium_flat_none_seed1_ppo_shaped_v2_1,shaped_v2_pruned_shots_random_medium_flat_none_seed2_ppo_shaped_v2_1,shaped_v2_pruned_shots_random_medium_flat_none_seed3_ppo_shaped_v2_1,shaped_v2_pruned_shots_random_medium_flat_relative_v1_seed42_relv1_300k_ppo_shaped_v2_1,shaped_v2_pruned_shots_random_medium_flat_relative_v2_seed1_ppo_shaped_v2_1,shaped_v2_pruned_shots_random_medium_flat_relative_v2_seed2_ppo_shaped_v2_1,shaped_v2_pruned_shots_random_medium_flat_relative_v2_seed2_ppo_shaped_v2_1 (1),shaped_v2_pruned_shots_random_medium_flat_relative_v2_seed3_ppo_shaped_v2_1,shaped_v2_pruned_shots_random_medium_flat_relative_v2_seed42_relv2_smoke_ppo_shaped_v2_2,shaped_v2_pruned_shots_random_medium_seed42_ppo_shaped_v2_1,shaped_v2_pruned_shots_random_medium_seed42_scratch2_ppo_shaped_v2_1,shaped_v2_pruned_shots_random_medium_seed42_scratch_ppo_shaped_v2_1,shaped_v2_pruned_shots_random_medium_seed42_weights_only_ppo_shaped_v2_1,shaped_v2_pruned_shots_random_medium_transformer_seed42_ppo_shaped_v2_2,shaped_v2_pruned_shots_random_medium_unet_lite_seed42_ppo_shaped_v2_2
5120,0.15000000596046448,0.0,0.07999999821186066,0.10000000149011612,0.019999999552965164,0.15000000596046448,0.1599999964237213,0.019999999552965164,0.0,0.0,0.05000000074505806,0.0,0.30000001192092896,0.029999999329447746,0.029999999329447746,0.27000001072883606,0.0,0.0
10240,0.09000000357627869,0.019999999552965164,0.07999999821186066,0.17000000178813934,0.1899999976158142,0.10000000149011612,0.2199999988079071,0.10999999940395355,0.11999999731779099,0.11999999731779099,0.1599999964237213,0.10000000149011612,0.30000001192092896,0.009999999776482582,0.009999999776482582,0.28999999165534973,0.09000000357627869,0.019999999552965164
15360,0.07000000029802322,0.15000000596046448,0.07999999821186066,0.2199999988079071,0.20000000298023224,0.07999999821186066,0.20999999344348907,0.1599999964237213,0.20999999344348907,0.20999999344348907,0.23999999463558197,0.15000000596046448,0.30000001192092896,0.11999999731779099,0.11999999731779099,0.3199999928474426,0.17000000178813934,0.11999999731779099
20480,0.1899999976158142,0.15000000596046448,0.11999999731779099,0.25999999046325684,0.25,0.23000000417232513,0.25,0.1899999976158142,0.18000000715255737,0.18000000715255737,0.23999999463558197,0.23999999463558197,0.2800000011920929,0.20000000298023224,0.20000000298023224,0.2800000011920929,0.17000000178813934,0.17000000178813934
25600,0.1899999976158142,0.20000000298023224,0.14000000059604645,0.2800000011920929,0.23000000417232513,0.3100000023841858,0.23000000417232513,0.23000000417232513,0.27000001072883606,0.27000001072883606,0.25,0.27000001072883606,0.28999999165534973,0.2199999988079071,0.2199999988079071,0.30000001192092896,0.11999999731779099,0.17000000178813934
30720,0.1899999976158142,0.18000000715255737,0.12999999523162842,0.3100000023841858,0.23999999463558197,0.3400000035762787,0.28999999165534973,0.25999999046325684,0.33000001311302185,0.33000001311302185,0.28999999165534973,0.25999999046325684,0.33000001311302185,0.20000000298023224,0.20000000298023224,0.30000001192092896,0.12999999523162842,0.17000000178813934
35840,0.20999999344348907,0.17000000178813934,0.18000000715255737,0.3199999928474426,0.2199999988079071,0.3700000047683716,0.30000001192092896,0.30000001192092896,0.3400000035762787,0.3400000035762787,0.33000001311302185,0.33000001311302185,0.3100000023841858,0.30000001192092896,0.30000001192092896,0.2800000011920929,0.18000000715255737,0.18000000715255737
40960,0.28999999165534973,0.18000000715255737,0.1899999976158142,0.3199999928474426,0.25,0.3700000047683716,0.3499999940395355,0.3199999928474426,0.3799999952316284,0.3799999952316284,0.3499999940395355,0.3799999952316284,0.3199999928474426,0.25999999046325684,0.25999999046325684,0.28999999165534973,0.20000000298023224,0.18000000715255737
45056,0.3100000023841858,0.1899999976158142,0.18000000715255737,0.33000001311302185,0.27000001072883606,0.3799999952316284,0.3100000023841858,0.3199999928474426,0.36000001430511475,0.36000001430511475,0.3799999952316284,0.33000001311302185,0.3499999940395355,0.23999999463558197,0.23999999463558197,0.3100000023841858,0.17000000178813934,0.18000000715255737
50176,0.3700000047683716,0.25999999046325684,0.18000000715255737,0.36000001430511475,0.3400000035762787,0.36000001430511475,0.3100000023841858,0.36000001430511475,0.4000000059604645,0.4000000059604645,0.4000000059604645,0.36000001430511475,0.3499999940395355,0.25999999046325684,0.25999999046325684,0.33000001311302185,0.18000000715255737,0.14000000059604645
55296,0.3100000023841858,0.23000000417232513,0.18000000715255737,0.38999998569488525,0.3400000035762787,0.38999998569488525,0.3100000023841858,0.3700000047683716,0.44999998807907104,0.44999998807907104,0.41999998688697815,0.38999998569488525,0.33000001311302185,0.3499999940395355,0.3499999940395355,0.33000001311302185,0.1899999976158142,0.12999999523162842
60416,0.30000001192092896,0.3100000023841858,0.18000000715255737,0.38999998569488525,0.3400000035762787,0.36000001430511475,0.3199999928474426,0.36000001430511475,0.44999998807907104,0.44999998807907104,0.4300000071525574,0.4099999964237213,0.3400000035762787,0.38999998569488525,0.38999998569488525,0.3400000035762787,0.1899999976158142,0.14000000059604645
65536,0.36000001430511475,0.3199999928474426,0.23999999463558197,0.4399999976158142,0.3499999940395355,0.4099999964237213,0.3499999940395355,0.3799999952316284,0.49000000953674316,0.49000000953674316,0.4300000071525574,0.41999998688697815,0.3499999940395355,0.4000000059604645,0.4000000059604645,0.36000001430511475,0.18000000715255737,0.14000000059604645
70656,0.2800000011920929,0.3100000023841858,0.33000001311302185,0.41999998688697815,0.3499999940395355,0.41999998688697815,0.4099999964237213,0.4000000059604645,0.5099999904632568,0.5099999904632568,0.4399999976158142,0.4300000071525574,0.33000001311302185,0.41999998688697815,0.41999998688697815,0.28999999165534973,0.20000000298023224,0.15000000596046448
75776,0.3199999928474426,0.3199999928474426,0.30000001192092896,0.4000000059604645,0.36000001430511475,0.4099999964237213,0.4000000059604645,0.3499999940395355,0.5600000023841858,0.5600000023841858,0.41999998688697815,0.46000000834465027,0.3499999940395355,0.3799999952316284,0.3799999952316284,0.30000001192092896,0.2199999988079071,0.14000000059604645
80896,0.3199999928474426,0.23000000417232513,0.3100000023841858,0.4300000071525574,0.3799999952316284,0.4399999976158142,0.38999998569488525,0.36000001430511475,0.5400000214576721,0.5400000214576721,0.44999998807907104,0.46000000834465027,0.3100000023841858,0.38999998569488525,0.38999998569488525,0.27000001072883606,0.25999999046325684,0.14000000059604645
86016,0.36000001430511475,0.23000000417232513,0.25,0.4399999976158142,0.4000000059604645,0.41999998688697815,0.4099999964237213,0.4000000059604645,0.5600000023841858,0.5600000023841858,0.4699999988079071,0.4399999976158142,0.3400000035762787,0.41999998688697815,0.41999998688697815,0.3100000023841858,0.27000001072883606,0.15000000596046448
90112,0.3199999928474426,0.20000000298023224,0.28999999165534973,0.41999998688697815,0.38999998569488525,0.4000000059604645,0.38999998569488525,0.4300000071525574,0.5600000023841858,0.5600000023841858,0.47999998927116394,0.44999998807907104,0.3400000035762787,0.46000000834465027,0.46000000834465027,0.33000001311302185,0.25,0.15000000596046448
95232,0.38999998569488525,0.23999999463558197,0.27000001072883606,0.46000000834465027,0.4300000071525574,0.4399999976158142,0.41999998688697815,0.41999998688697815,0.5400000214576721,0.5400000214576721,0.5,0.4699999988079071,0.3499999940395355,0.46000000834465027,0.46000000834465027,0.3700000047683716,0.18000000715255737,0.14000000059604645
100352,0.25999999046325684,0.23000000417232513,0.2199999988079071,0.4399999976158142,0.44999998807907104,0.46000000834465027,0.44999998807907104,0.4699999988079071,0.5400000214576721,0.5400000214576721,0.44999998807907104,0.4300000071525574,0.3100000023841858,0.44999998807907104,0.44999998807907104,0.3499999940395355,0.3400000035762787,0.07999999821186066
105472,0.27000001072883606,0.23000000417232513,0.25999999046325684,0.4399999976158142,0.4399999976158142,0.47999998927116394,0.41999998688697815,0.46000000834465027,0.5600000023841858,0.5600000023841858,0.5,0.46000000834465027,0.3499999940395355,0.41999998688697815,,,0.28999999165534973,0.14000000059604645
110592,0.27000001072883606,0.23000000417232513,0.28999999165534973,0.4399999976158142,0.46000000834465027,0.4699999988079071,0.4099999964237213,0.46000000834465027,0.5400000214576721,0.5400000214576721,0.49000000953674316,0.49000000953674316,0.3700000047683716,0.4000000059604645,,,0.1599999964237213,0.15000000596046448
115712,0.2800000011920929,0.23999999463558197,0.36000001430511475,0.4399999976158142,0.4099999964237213,0.44999998807907104,0.46000000834465027,0.47999998927116394,0.550000011920929,0.550000011920929,0.5,0.4699999988079071,0.3400000035762787,0.4300000071525574,,,0.25999999046325684,0.14000000059604645
120832,0.28999999165534973,0.3100000023841858,0.3400000035762787,0.44999998807907104,0.41999998688697815,0.5099999904632568,0.4699999988079071,0.4699999988079071,0.5699999928474426,0.5699999928474426,0.5,0.49000000953674316,0.3700000047683716,0.4399999976158142,,,0.3199999928474426,0.15000000596046448
125952,0.3700000047683716,0.2199999988079071,0.2800000011920929,0.4699999988079071,0.4300000071525574,0.4399999976158142,0.47999998927116394,0.5,0.5199999809265137,0.5199999809265137,0.5199999809265137,0.5,0.3400000035762787,0.4300000071525574,,,0.30000001192092896,0.18000000715255737
130048,0.36000001430511475,0.25,0.27000001072883606,0.44999998807907104,0.4399999976158142,0.5099999904632568,0.47999998927116394,0.47999998927116394,0.5199999809265137,0.5199999809265137,0.49000000953674316,0.46000000834465027,0.41999998688697815,0.4300000071525574,,,0.30000001192092896,0.2199999988079071
135168,0.36000001430511475,0.25,0.2800000011920929,0.46000000834465027,0.4399999976158142,0.5099999904632568,0.5,0.5199999809265137,0.550000011920929,0.550000011920929,0.5299999713897705,0.47999998927116394,0.3799999952316284,0.4099999964237213,,,0.18000000715255737,0.18000000715255737
140288,0.23999999463558197,0.23999999463558197,0.2800000011920929,0.41999998688697815,0.4699999988079071,0.4699999988079071,0.5,0.5099999904632568,0.5600000023841858,0.5600000023841858,0.5699999928474426,0.4399999976158142,0.3499999940395355,0.41999998688697815,,,0.28999999165534973,0.20000000298023224
145408,0.2199999988079071,0.33000001311302185,0.3499999940395355,0.4000000059604645,0.5,0.47999998927116394,0.4699999988079071,0.4699999988079071,0.5299999713897705,0.5299999713897705,0.5799999833106995,0.5,0.4000000059604645,0.4099999964237213,,,0.25,0.23000000417232513
150528,0.30000001192092896,0.23999999463558197,0.25,0.4399999976158142,0.4699999988079071,0.5099999904632568,0.5299999713897705,0.47999998927116394,0.49000000953674316,0.49000000953674316,0.5400000214576721,0.5199999809265137,0.4099999964237213,0.49000000953674316,,,0.28999999165534973,0.28999999165534973
155648,0.30000001192092896,0.25,0.25,0.4399999976158142,0.4699999988079071,0.49000000953674316,0.5,0.5199999809265137,0.550000011920929,0.550000011920929,0.550000011920929,0.5099999904632568,0.44999998807907104,0.5099999904632568,,,0.23999999463558197,0.2800000011920929
160768,0.25999999046325684,0.30000001192092896,0.3100000023841858,0.4300000071525574,0.46000000834465027,0.5,0.46000000834465027,0.46000000834465027,0.550000011920929,0.550000011920929,0.5600000023841858,0.5400000214576721,0.4099999964237213,0.5,,,0.25,0.27000001072883606
165888,0.28999999165534973,0.2800000011920929,0.27000001072883606,0.4000000059604645,0.4300000071525574,0.5299999713897705,0.5,0.5099999904632568,0.5600000023841858,0.5600000023841858,0.5600000023841858,0.5400000214576721,0.4300000071525574,0.47999998927116394,,,0.2800000011920929,0.2800000011920929
171008,0.23999999463558197,0.30000001192092896,0.3700000047683716,0.46000000834465027,0.4000000059604645,0.5,0.5,0.5199999809265137,0.5699999928474426,0.5699999928474426,0.5699999928474426,0.5600000023841858,0.4300000071525574,0.5099999904632568,,,0.28999999165534973,0.2800000011920929
175104,0.33000001311302185,0.3199999928474426,0.33000001311302185,0.4300000071525574,0.4699999988079071,0.5299999713897705,0.5099999904632568,0.5099999904632568,0.5699999928474426,0.5699999928474426,0.5899999737739563,0.49000000953674316,0.44999998807907104,0.5199999809265137,,,0.30000001192092896,0.30000001192092896
180224,0.3799999952316284,0.3400000035762787,0.27000001072883606,0.41999998688697815,0.41999998688697815,0.49000000953674316,0.5,0.5099999904632568,0.550000011920929,0.550000011920929,0.6000000238418579,0.550000011920929,0.3700000047683716,0.49000000953674316,,,0.20999999344348907,0.23000000417232513
185344,0.3100000023841858,0.3400000035762787,0.25,0.46000000834465027,0.47999998927116394,0.49000000953674316,0.5400000214576721,0.5099999904632568,0.5199999809265137,0.5199999809265137,0.5400000214576721,0.5400000214576721,0.4099999964237213,0.4699999988079071,,,0.25,0.3100000023841858
190464,0.3499999940395355,0.3799999952316284,0.3100000023841858,0.4300000071525574,0.4399999976158142,0.5099999904632568,0.5199999809265137,0.5299999713897705,0.5600000023841858,0.5600000023841858,0.49000000953674316,0.6100000143051147,0.4399999976158142,0.5,,,0.2199999988079071,0.3100000023841858
195584,0.38999998569488525,0.25,0.30000001192092896,0.4099999964237213,0.4399999976158142,0.47999998927116394,0.5299999713897705,0.5099999904632568,0.4699999988079071,0.4699999988079071,0.49000000953674316,0.550000011920929,0.46000000834465027,0.5,,,0.2800000011920929,0.3100000023841858
200704,0.3799999952316284,0.3100000023841858,0.3499999940395355,0.47999998927116394,0.4399999976158142,0.49000000953674316,0.550000011920929,0.5099999904632568,0.5199999809265137,0.5199999809265137,0.5600000023841858,0.5699999928474426,0.4300000071525574,0.49000000953674316,,,0.33000001311302185,0.3100000023841858
205824,0.33000001311302185,0.28999999165534973,0.20999999344348907,0.47999998927116394,0.41999998688697815,0.49000000953674316,0.5600000023841858,0.5199999809265137,0.5099999904632568,0.5099999904632568,0.550000011920929,0.5899999737739563,0.46000000834465027,0.4699999988079071,,,0.3499999940395355,0.3100000023841858
210944,0.2800000011920929,0.3199999928474426,0.36000001430511475,0.49000000953674316,0.4399999976158142,0.5099999904632568,0.550000011920929,0.5400000214576721,0.5400000214576721,0.5400000214576721,0.5600000023841858,0.550000011920929,0.4699999988079071,0.4699999988079071,,,0.28999999165534973,0.2800000011920929
215040,0.23999999463558197,0.4099999964237213,0.25999999046325684,0.44999998807907104,0.4300000071525574,0.5299999713897705,0.5299999713897705,0.5299999713897705,0.5799999833106995,0.5799999833106995,0.5799999833106995,0.5699999928474426,0.44999998807907104,0.5,,,0.20000000298023224,0.28999999165534973
220160,0.18000000715255737,0.3499999940395355,0.3199999928474426,0.5099999904632568,0.4099999964237213,0.5299999713897705,0.5699999928474426,0.5400000214576721,0.5699999928474426,0.5699999928474426,0.5699999928474426,0.5899999737739563,0.44999998807907104,0.5099999904632568,,,0.30000001192092896,0.27000001072883606
225280,0.2800000011920929,0.38999998569488525,0.30000001192092896,0.5299999713897705,0.4399999976158142,0.5,0.5699999928474426,0.5199999809265137,0.5099999904632568,0.5099999904632568,0.6299999952316284,0.6000000238418579,0.47999998927116394,0.550000011920929,,,0.2800000011920929,0.3400000035762787
230400,0.23000000417232513,0.3499999940395355,0.36000001430511475,0.5099999904632568,0.49000000953674316,0.5099999904632568,0.550000011920929,0.5600000023841858,0.5299999713897705,0.5299999713897705,0.6200000047683716,0.6000000238418579,0.4399999976158142,0.550000011920929,,,0.25,0.25999999046325684
235520,0.28999999165534973,0.33000001311302185,0.25999999046325684,0.4699999988079071,0.5099999904632568,0.5,0.550000011920929,0.5600000023841858,0.5699999928474426,0.5699999928474426,0.6200000047683716,0.6399999856948853,0.46000000834465027,0.5299999713897705,,,0.3400000035762787,0.20000000298023224
240640,0.3499999940395355,0.36000001430511475,0.3100000023841858,0.5,0.5099999904632568,0.5699999928474426,0.5600000023841858,0.6000000238418579,0.5799999833106995,0.5799999833106995,0.6299999952316284,0.6100000143051147,0.4699999988079071,0.5199999809265137,,,0.28999999165534973,0.3100000023841858
245760,0.3700000047683716,0.38999998569488525,0.27000001072883606,0.5299999713897705,0.44999998807907104,0.6000000238418579,0.5799999833106995,0.5899999737739563,0.5299999713897705,0.5299999713897705,0.6000000238418579,0.6000000238418579,0.44999998807907104,0.5600000023841858,,,0.30000001192092896,0.23999999463558197
250880,0.3799999952316284,0.3199999928474426,0.3400000035762787,0.49000000953674316,0.47999998927116394,0.5400000214576721,0.5699999928474426,0.6100000143051147,0.5600000023841858,0.5600000023841858,0.5799999833106995,0.6200000047683716,0.44999998807907104,0.5699999928474426,,,0.2800000011920929,0.20999999344348907
256000,0.3100000023841858,0.4099999964237213,0.25999999046325684,0.5199999809265137,0.46000000834465027,0.5699999928474426,0.5400000214576721,0.6299999952316284,0.550000011920929,0.550000011920929,0.5699999928474426,0.6000000238418579,0.4300000071525574,0.5699999928474426,,,0.30000001192092896,0.1599999964237213
260096,0.3199999928474426,0.3199999928474426,0.3499999940395355,0.5299999713897705,0.4699999988079071,0.5600000023841858,0.5299999713897705,0.6000000238418579,0.550000011920929,0.550000011920929,0.5299999713897705,0.5799999833106995,0.41999998688697815,0.5099999904632568,,,0.27000001072883606,0.23000000417232513
265216,0.28999999165534973,0.27000001072883606,0.3499999940395355,0.5,0.4699999988079071,0.5600000023841858,0.5299999713897705,0.6000000238418579,0.5600000023841858,0.5600000023841858,0.5600000023841858,0.6200000047683716,0.4300000071525574,0.5099999904632568,,,0.30000001192092896,0.3100000023841858
270336,0.3100000023841858,0.4399999976158142,0.33000001311302185,0.44999998807907104,0.44999998807907104,0.5400000214576721,0.5600000023841858,0.5799999833106995,0.5600000023841858,0.5600000023841858,0.5699999928474426,0.5799999833106995,0.4300000071525574,0.5400000214576721,,,0.28999999165534973,0.25
275456,0.27000001072883606,0.3700000047683716,0.3400000035762787,0.5,0.49000000953674316,0.550000011920929,0.550000011920929,0.6100000143051147,0.550000011920929,0.550000011920929,0.5699999928474426,0.5899999737739563,0.38999998569488525,0.550000011920929,,,0.28999999165534973,0.27000001072883606
280576,0.27000001072883606,0.33000001311302185,0.33000001311302185,0.47999998927116394,0.5299999713897705,0.5600000023841858,0.5699999928474426,0.5600000023841858,0.5400000214576721,0.5400000214576721,0.6000000238418579,0.6100000143051147,0.4000000059604645,0.5400000214576721,,,0.30000001192092896,0.30000001192092896
285696,0.30000001192092896,0.3100000023841858,0.3400000035762787,0.4699999988079071,0.5199999809265137,0.5799999833106995,0.5799999833106995,0.5600000023841858,0.5400000214576721,0.5400000214576721,0.550000011920929,0.6299999952316284,0.4099999964237213,0.5600000023841858,,,0.23000000417232513,0.23999999463558197
290816,0.20999999344348907,0.3199999928474426,0.4000000059604645,0.5199999809265137,0.47999998927116394,0.5799999833106995,0.5600000023841858,0.6100000143051147,0.5400000214576721,0.5400000214576721,0.5,0.6100000143051147,0.41999998688697815,0.5299999713897705,,,0.23999999463558197,0.25
295936,0.3199999928474426,0.38999998569488525,0.36000001430511475,0.550000011920929,0.49000000953674316,0.6000000238418579,0.5600000023841858,0.5400000214576721,0.550000011920929,0.550000011920929,0.5400000214576721,0.6299999952316284,0.44999998807907104,0.5600000023841858,,,0.25,0.27000001072883606
300032,0.27000001072883606,0.3799999952316284,0.4099999964237213,0.550000011920929,0.49000000953674316,0.5899999737739563,0.5199999809265137,0.5600000023841858,0.5600000023841858,0.5600000023841858,0.550000011920929,0.6000000238418579,0.4399999976158142,0.550000011920929,,,0.25,0.25999999046325684
