#{"t_start": 1791264651.8532546, "env_id": "None"}
r,l,t,is_success
-12.03,3,1.020927,False
-12.03,3,1.02454,False
-11.76,1,1.025575,False
-12.01,1,1.027087,False
-11.8,5,1.0331,False
-12.03,3,1.0361,False
-11.42,17,1.054085,False
-12.03,3,1.057076,False
-12.01,1,1.058647,False
-12.04,4,1.062662,False
-12.02,2,1.064664,False
-11.81,6,1.07118,False
-12.03,3,1.074179,False
-12.02,2,1.076179,False
-12.02,2,1.078697,False
21.1,65,1.138168,True
-12.02,2,1.140491,False
-12.01,1,1.142513,False
-12.06,6,1.149028,False
-12.01,1,1.150034,False
-12.04,4,1.154558,False
-12.09,9,1.16341,False
-12.05,5,1.168952,False
-12.02,2,1.170951,False
19.94,6,1.177303,True
-12.05,5,1.182296,False
-12.03,3,1.186189,False
-12.05,5,1.190221,False
-11.81,6,1.197143,False
19.97,3,1.200147,True
-12.01,1,1.201143,False
-12.02,2,1.203143,False
-11.77,2,1.205662,False
-12.02,2,1.208114,False
-12.03,3,1.211112,False
-12.02,2,1.213105,False
-11.62,11,1.224146,False
-11.76,1,1.225405,False
-12.01,1,1.225909,False
-12.01,1,1.22792,False
-12.01,1,1.22892,False
-12.02,2,1.230919,False
-12.02,2,1.233425,False
-12.01,1,1.234441,False
19.92,8,1.242287,True
-11.37,11,1.25281,False
-11.79,3,1.255805,False
-11.07,7,1.262876,False
-12.04,4,1.267876,False
-12.03,3,1.27028,False
-11.83,7,1.276616,False
-12.03,3,1.279659,False
-12.03,3,1.283674,False
-11.76,1,1.284673,False
-12.03,3,1.287682,False
-11.62,12,1.29908,False
-11.81,6,1.305132,False
20.42,8,1.312949,True
-11.78,3,1.315954,False
-11.59,9,1.324828,False
-12.01,1,1.325826,False
-12.06,6,1.332347,False
-11.57,7,1.338351,False
-11.81,6,1.34429,False
-12.03,3,1.34729,False
-12.05,5,1.352813,False
-12.05,5,1.357813,False
-12.03,3,1.36042,False
-12.08,8,1.368944,False
-12.02,2,1.370465,False
-12.06,6,1.376491,False
-12.02,2,1.379499,False
-11.8,5,1.384524,False
-12.01,1,1.385523,False
-10.85,10,1.396096,False
-11.77,2,1.398095,False
-12.02,2,1.400103,False
-12.08,8,1.407628,False
-11.8,5,1.413908,False
-11.83,8,1.421007,False
-11.79,4,1.424472,False
-12.02,2,1.427574,False
-12.03,3,1.430106,False
-11.91,16,1.446046,False
-12.05,5,1.449969,False
-12.03,3,1.453556,False
-12.04,4,1.458134,False
-12.07,7,1.464532,False
-11.77,2,1.467051,False
-11.83,8,1.475854,False
-12.01,1,1.477365,False
-12.04,4,1.481375,False
-11.82,7,1.487905,False
-11.87,12,1.499715,False
-12.03,3,1.502721,False
-11.81,6,1.509001,False
-12.03,3,1.512015,False
-12.1,10,1.520536,False
-11.77,2,1.522535,False
-11.82,7,1.529361,False
-12.03,3,1.532886,False
-12.03,3,1.535888,False
-11.77,2,1.537887,False
-11.76,1,1.539039,False
-12.02,2,1.54155,False
-12.02,2,1.543163,False
-11.81,6,1.549684,False
-12.02,2,1.551896,False
-11.8,5,1.556919,False
-12.16,16,1.572017,False
-11.8,5,1.576973,False
-11.84,9,1.585493,False
-12.03,3,1.588615,False
-12.01,1,1.589615,False
-12.01,1,1.590919,False
-12.03,3,1.594454,False
-12.03,3,1.597967,False
-11.61,10,1.607497,False
-12.01,1,1.607968,False
-12.04,4,1.61199,False
-11.78,3,1.614984,False
21.1,39,1.650782,True
-11.82,7,1.657747,False
-12.04,4,1.661277,False
-11.81,6,1.668167,False
-12.07,7,1.675972,False
-12.07,7,1.682862,False
-12.05,5,1.687868,False
-12.02,2,1.690779,False
-12.07,7,1.698797,False
-12.03,3,1.702072,False
-12.05,5,1.707071,False
-11.8,5,1.711987,False
-12.02,2,1.71498,False
-12.04,4,1.718988,False
-12.06,6,1.726089,False
-11.64,14,1.739611,False
-11.62,11,1.749997,False
-12.01,1,1.752531,False
-12.01,1,1.75353,False
-11.78,3,1.756536,False
-11.6,10,1.765484,False
-11.56,6,1.771019,False
-12.02,2,1.77455,False
-11.79,4,1.777894,False
-12.02,2,1.780397,False
-12.01,1,1.7814,False
-11.88,13,1.794817,False
-12.01,1,1.795817,False
-12.07,7,1.802811,False
-11.82,7,1.809685,False
-11.76,1,1.811684,False
-11.59,8,1.819198,False
-11.87,12,1.829634,False
-12.07,7,1.836138,False
-12.05,5,1.841493,False
-11.8,5,1.847543,False
-11.83,7,1.854543,False
-12.01,1,1.854543,False
-12.03,3,1.858373,False
-12.01,1,1.859397,False
-12.01,1,1.861396,False
-11.79,4,1.866401,False
-12.03,3,1.868928,False
-11.59,9,1.878347,False
-11.76,1,1.879347,False
-12.01,1,1.88134,False
-11.77,2,1.883351,False
-11.83,8,1.890387,False
-12.06,6,1.896132,False
-12.04,4,1.90066,False
-12.03,3,1.903659,False
-11.08,8,1.911876,False
-11.6,10,1.9214,False
-12.01,1,1.9224,False
-11.79,4,1.926454,False
-11.85,9,1.934984,False
-11.79,4,1.940423,False
-12.01,1,1.941449,False
-12.01,1,1.94344,False
-12.04,4,1.947447,False
-11.84,9,1.956971,False
-11.77,2,1.95986,False
-12.08,8,1.967873,False
-12.01,1,1.968874,False
-11.79,4,1.973939,False
-12.05,5,1.978929,False
-12.01,1,1.98093,False
-12.01,1,1.98093,False
-11.79,3,1.984682,False
-12.03,3,1.988684,False
-11.6,10,1.998201,False
-12.01,1,1.999202,False
-12.08,8,2.006719,False
-11.84,9,2.016245,False
-12.01,1,2.017245,False
-12.05,5,2.021237,False
-12.04,4,2.026274,False
-11.78,3,2.029288,False
-11.57,7,2.035805,False
-12.01,1,2.037811,False
-12.03,3,2.039811,False
-11.6,10,2.049819,False
-11.79,4,2.054338,False
-10.64,14,2.450026,False
-12.01,1,2.451029,False
20.16,9,2.462897,True
-11.84,9,2.473907,False
-12.01,1,2.475243,False
-11.77,2,2.477242,False
-12.06,6,2.483747,False
-12.01,1,2.485747,False
-12.03,3,2.488747,False
-11.87,12,2.501076,False
-11.82,7,2.51046,False
-12.02,2,2.513965,False
20.95,29,2.544867,True
20.69,56,2.608942,True
-11.78,3,2.613936,False
-12.01,1,2.615936,False
-12.04,4,2.621442,False
-11.58,8,2.631883,False
-12.02,2,2.634882,False
-12.13,13,2.648319,False
-11.89,14,2.662707,False
-11.32,7,2.670232,False
-12.02,2,2.672232,False
-11.33,7,2.680706,False
-11.77,2,2.682713,False
-11.76,1,2.684712,False
-12.05,5,2.690221,False
-12.01,1,2.691528,False
-12.02,2,2.693514,False
-12.08,8,2.700662,False
-12.02,2,2.70366,False
-12.01,1,2.704654,False
-11.78,3,2.708206,False
-12.01,1,2.709234,False
-12.06,6,2.714747,False
-11.57,7,2.722283,False
-12.02,2,2.724741,False
-11.8,5,2.729263,False
-12.01,1,2.730262,False
-11.78,3,2.733785,False
-11.58,8,2.741719,False
-12.01,1,2.742734,False
-12.02,2,2.745245,False
-12.09,9,2.753784,False
-11.8,5,2.758259,False
-12.06,6,2.763806,False
-12.01,1,2.765805,False
-11.57,7,2.771805,False
-11.59,8,2.77931,False
-12.01,1,2.78031,False
-11.79,4,2.784841,False
-12.02,2,2.78684,False
-12.01,1,2.78784,False
-12.04,4,2.792363,False
-11.77,2,2.794885,False
-11.78,3,2.797885,False
-12.01,1,2.799885,False
-11.79,4,2.803885,False
-11.64,14,2.817389,False
-11.83,8,2.824389,False
-12.01,1,2.827196,False
-12.03,3,2.829714,False
21.36,39,2.864933,True
-11.81,5,2.869457,False
-12.07,7,2.876414,False
-11.86,11,2.886444,False
-12.02,2,2.888959,False
-12.02,2,2.891727,False
-12.08,8,2.899253,False
-11.83,8,2.906268,False
-12.08,8,2.913606,False
-12.01,1,2.914606,False
-12.07,7,2.921131,False
-11.3,5,2.92641,False
-11.8,4,2.930459,False
-11.85,9,2.939476,False
-12.03,3,2.94231,False
-12.18,18,2.95875,False
-12.01,1,2.959743,False
-11.86,11,2.97026,False
-11.81,6,2.975149,False
-12.05,5,2.980164,False
-12.03,3,2.98369,False
-12.01,1,2.98469,False
-12.03,3,2.987696,False
-11.81,6,2.993497,False
-12.05,5,2.999022,False
-12.02,2,3.001017,False
-12.04,4,3.00555,False
-12.03,3,3.00755,False
-12.04,4,3.011813,False
-12.04,4,3.016094,False
-12.03,3,3.019094,False
-12.08,8,3.026346,False
-12.03,3,3.029865,False
-11.58,8,3.037387,False
-12.02,2,3.040387,False
-11.81,5,3.044659,False
-12.01,1,3.045673,False
-12.08,8,3.053672,False
-12.02,2,3.056201,False
-11.81,6,3.061473,False
-11.83,7,3.068001,False-1-12.04,4,3.072,False-1-11.8,5,3.077069,False-1-11.76,1,3.078068,False-1-11.78,3,3.082069,False-1-12.02,2,3.084068,False-1-12.01,1,3.085067,False-1-11.79,4,3.089593,False-1-12.01,1,3.090111,False-1-12.06,6,3.096109,False-1-12.01,1,3.097635,False-1-11.81,6,3.103639,False-1-12.02,2,3.105639,False-1-12.03,3,3.108932,False-1-12.03,3,3.111925,False-1-12.02,2,3.113924,False-1-12.01,1,3.114923,False-1-12.02,2,3.11693,False-1-11.89,14,3.129809,False-1-12.01,1,3.131825,False-1-11.56,6,3.136823,False-1-11.8,5,3.143226,False-1-11.77,2,3.145226,False-1-12.02,2,3.147231,False-1-12.03,3,3.150756,False-1-11.78,3,3.153273,False-1-12.06,6,3.160385,False-1-12.01,1,3.16138,False-1-11.77,2,3.163373,False-1-11.77,2,3.165381,False-1-12.04,4,3.169894,False-1-11.76,1,3.170909,False-1-12.05,5,3.175682,False-1-12.04,4,3.180211,False-1-12.07,7,3.186225,False-1-12.01,1,3.187225,False-1-11.84,8,3.196008,False-1-12.04,4,3.199532,False-1-11.82,7,3.20705,False2020.15,9,3.214858,True-1-12.03,3,3.217858,False-1-12.05,5,3.223387,False-1-12.01,1,3.225631,False-1-11.82,6,3.231159,False-1-12.03,3,3.233681,False-1-10.83,8,3.241954,False-7-7.05,80,3.313791,False-1-11.76,1,3.313791,False-1-11.78,3,3.317322,False-1-12.08,8,3.324322,False-1-12.03,3,3.328141,False-1-12.03,3,3.331657,False-1-12.02,2,3.333664,False-1-12.02,2,3.336181,False-1-12.04,4,3.339196,False-1-12.04,4,3.343752,False-1-11.78,3,3.34728,False--12.01,1,3.348284,False--12.01,1,3.349283,False--11.82,7,3.355805,False--12.06,6,3.361592,False--12.01,1,3.363584,False--11.61,10,3.372109,False--12.05,5,3.37702,False119.94,6,3.383045,True--12.01,1,3.384045,False--12.02,2,3.386046,False--12.06,6,3.392057,False--11.78,3,3.396055,False--11.54,4,3.399574,False--12.04,4,3.403099,False--12.04,4,3.407587,False--12.04,4,3.411137,False--12.01,1,3.413136,False--11.58,8,3.419648,False--12.01,1,3.421657,False--12.09,9,3.429712,False--11.13,13,3.442674,False--11.76,1,3.444673,False--12.04,4,3.44819,False--12.05,5,3.453717,False--12.01,1,3.454723,False--12.04,4,3.459116,False--11.76,1,3.460115,False--12.03,3,3.46364,False--12.04,4,3.46664,False
-12.07,7,3.474163,False
-12.05,5,3.478954,False
-11.84,9,3.902565,False
-12.01,1,3.904563,False
-12.03,3,3.908562,False
-11.79,3,3.913077,False
-12.13,13,3.930586,False
-12.02,2,3.935094,False
-12.03,3,3.939093,False
-12.05,5,3.945599,False
-12.04,4,3.951095,False
-12.09,9,3.961159,False
-11.78,3,3.965667,False
-12.05,5,3.972666,False
-11.82,6,3.980722,False
-11.82,7,3.991696,False
-12.08,8,4.002725,False
-11.83,8,4.012693,False
-12.01,1,4.014693,False
-11.63,12,4.028228,False
-11.8,5,4.035352,False
-11.82,7,4.044289,False
-12.05,5,4.051794,False
-11.81,6,4.059297,False
-12.02,2,4.062297,False
-12.05,5,4.069802,False
-11.83,8,4.077202,False
-11.8,5,4.084707,False
-12.02,2,4.087707,False
-12.04,4,4.091644,False
-12.04,4,4.097643,False
-12.01,1,4.098645,False
-12.01,1,4.101157,False
-11.77,2,4.103157,False
-12.03,3,4.107157,False
-11.8,5,4.112139,False
-12.07,7,4.119139,False
-12.07,7,4.127113,False
-12.01,1,4.129119,False
-12.08,8,4.137852,False
-12.05,5,4.14295,False
-12.05,5,4.148951,False
-11.8,5,4.153474,False
-11.84,9,4.164581,False
-12.02,2,4.16659,False
-12.05,5,4.172588,False
-11.8,5,4.177334,False
-11.89,14,4.191707,False
-11.83,7,4.198719,False
-11.8,4,4.20273,False
-11.54,4,4.207308,False
-11.77,2,4.210331,False
-12.02,2,4.212331,False
-11.77,2,4.214331,False
-11.78,3,4.218518,False
-12.02,2,4.220528,False
20.96,4,4.225446,True
-12.03,3,4.228446,False
-11.58,8,4.236993,False
-12.04,4,4.241388,False
-11.76,1,4.242386,False
-12.06,6,4.248904,False
-12.01,1,4.249911,False
-12.01,1,4.251903,False
-12.05,5,4.257429,False
-11.77,2,4.258828,False
-12.04,4,4.263821,False
-12.06,6,4.270337,False
-11.8,4,4.274337,False
-11.77,2,4.275715,False
-11.83,8,4.285765,False
-11.78,3,4.289284,False
-11.79,4,4.294258,False
-12.06,6,4.300772,False
-11.08,8,4.309759,False
-12.02,2,4.312757,False
-11.81,6,4.319264,False
-12.04,4,4.324755,False
-12.05,5,4.330264,False
-12.01,1,4.332263,False
-11.78,3,4.335779,False
-11.79,3,4.338778,False
-12.01,1,4.341306,False
-12.02,2,4.343815,False
-12.03,3,4.346817,False
-12.04,4,4.351336,False
-11.62,11,4.363673,False
-12.02,2,4.365667,False
-11.87,12,4.379442,False
-11.04,4,4.383737,False
19.95,5,4.389748,True
-12.01,1,4.391175,False
-12.05,5,4.396721,False
-11.63,12,4.409205,False
-12.02,2,4.412204,False
-12.02,2,4.414725,False
-11.8,5,4.419731,False
-11.87,12,4.431612,False
-12.05,5,4.437671,False
-12.04,4,4.442134,False
-12.02,2,4.444134,False
-11.76,1,4.445654,False
-12.04,4,4.450179,False
-11.56,6,4.4567,False
-11.78,3,4.460109,False
-11.8,5,4.465108,False
-12.02,2,4.46763,False
-11.81,6,4.475026,False
-12.03,3,4.477582,False
-11.79,4,4.482099,False
-11.8,5,4.487103,False
-12.1,10,4.496254,False
-10.78,28,4.524733,False
-11.38,12,4.536477,False
-12.04,4,4.541396,False
-12.06,6,4.547417,False
-12.03,3,4.550949,False
19.94,6,4.557887,True
-12.03,3,4.561437,False
-12.04,4,4.566431,False--12.02,2,4.568437,False--11.59,9,4.576078,False--11.78,3,4.580076,False--11.84,9,4.588597,False--12.02,2,4.591116,False--12.02,2,4.593127,False--11.79,4,4.59713,False--10.57,7,4.604187,False--12.03,3,4.607186,False--12.02,2,4.610189,False--11.81,6,4.616491,False--12.01,1,4.61849,False
-11.82,7,4.625902,False
-10.81,31,4.65366,False
-12.01,1,4.655171,False
-12.02,2,4.65823,False
-12.02,2,4.659779,False
-11.76,1,4.660778,False
-10.64,14,4.674629,False
-12.02,2,4.676654,False
-12.04,4,4.680166,False
-12.04,4,4.684691,False
-11.82,7,4.692238,False
-11.56,6,4.698186,False
-11.58,7,4.704819,False
-12.07,7,4.711935,False
-11.79,4,4.715981,False
-11.79,4,4.720809,False
-12.02,2,4.722816,False
-12.02,2,4.725237,False
-12.02,2,4.72776,False
-11.88,12,4.740945,False
-11.82,7,4.749478,False
-10.56,30,4.779318,False
-12.02,2,4.781455,False
-11.8,5,4.786461,False
-11.79,4,4.789977,False
-11.83,8,4.799381,False
-12.01,1,4.799903,False
-12.03,3,4.8039,False
-11.77,2,4.806424,False
-12.01,1,4.807764,False
-12.02,2,4.809787,False
-12.04,4,4.814164,False
-12.07,7,4.820665,False
-12.04,4,4.825041,False
-11.62,12,4.836158,False
-12.05,5,4.842155,False
-12.02,2,4.844153,False
-12.01,1,4.845153,False
-11.6,10,4.854209,False
-11.81,6,4.860593,False
-12.01,1,4.862104,False
-11.78,3,4.865122,False
-12.01,1,4.866119,False
-12.01,1,4.868118,False
-12.04,4,4.871113,False
-12.04,4,4.875982,False
-11.79,4,4.880483,False
21.33,17,4.8965,True
-10.61,11,4.906971,False--12.13,13,4.919054,False--12.02,2,4.922054,False--11.76,1,4.923047,False--11.79,4,4.92698,False
-12.05,5,4.931975,False
-11.61,11,4.9427,False
-11.76,1,4.9437,False
-11.58,8,4.951217,False
-11.65,15,4.964691,False
-12.02,2,4.96778,False
-12.05,5,4.972785,False
-12.01,1,4.974137,False
-12.05,5,4.978684,False
-12.08,8,4.986207,False
-11.56,6,4.992592,False
-12.07,7,4.999104,False
-11.79,4,5.004104,False
-12.09,9,5.011603,False
-12.09,9,5.020118,False
-11.78,3,5.023117,False
-11.79,4,5.431503,False
-12.09,9,5.442541,False
-10.88,12,5.457888,False
-11.81,6,5.465395,False
-12.02,2,5.4689,False
-11.85,10,5.480749,False
-12.02,2,5.484254,False
-12.04,4,5.488759,False
-10.62,11,5.501315,False
-12.01,1,5.503315,False
-12.1,10,5.515705,False
-11.87,12,5.53561,False
-12.03,3,5.542123,False
-12.02,2,5.544123,False
-12.02,2,5.547123,False
-12.02,2,5.549123,False
-11.78,3,5.553143,False
-11.77,2,5.555143,False
-12.01,1,5.557554,False
-11.8,5,5.564623,False
-11.81,6,5.572129,False
-12.01,1,5.574497,False
-11.53,3,5.578511,False
-12.06,6,5.586526,False
-12.05,5,5.593102,False
-11.8,5,5.599608,False
-12.02,2,5.602108,False
-12.01,1,5.604111,False
-12.05,5,5.611513,False
-12.07,7,5.620018,False
-11.81,6,5.62805,False
-11.57,7,5.636152,False
-12.07,7,5.644062,False
-11.77,2,5.646585,False
-11.61,10,5.657512,False
-11.85,10,5.668251,False
-11.84,9,5.67771,False
-11.8,4,5.683233,False
-12.01,1,5.684231,False--11.08,32,5.716498,False--11.78,3,5.720025,False--12.04,4,5.724024,False--12.02,2,5.72546,False--12.02,2,5.727972,False--11.85,10,5.739039,False--11.82,7,5.745418,False--11.03,3,5.748924,False--12.02,2,5.751935,False--11.77,2,5.754457,False--12.02,2,5.756809,False--12.02,2,5.759343,False--12.01,1,5.760352,False--12.06,6,5.766351,False--11.58,8,5.774236,False--12.02,2,5.776255,False--12.01,1,5.778254,False--12.01,1,5.779264,False--12.07,7,5.78629,False--12.02,2,5.789289,False--12.02,2,5.791191,False--11.81,6,5.797215,False--12.06,6,5.803741,False--12.02,2,5.805742,False--12.02,2,5.808634,False--12.06,6,5.815703,False--11.77,2,5.81771,False--12.05,5,5.824231,False--12.04,4,5.828631,False--12.03,3,5.831626,False--12.06,6,5.838141,False--12.01,1,5.839651,False--11.77,2,5.84207,False--12.05,5,5.847589,False--12.02,2,5.85059,False--12.03,3,5.853583,False--11.76,1,5.855896,False--12.01,1,5.857897,False--11.8,5,5.863832,False--11.79,4,5.867848,False--12.04,4,5.872848,False--11.8,5,5.877725,False--12.02,2,5.879725,False--12.03,3,5.882725,False--11.81,6,5.889056,False--12.07,7,5.896978,False--11.79,4,5.90098,False--12.03,3,5.903976,False--11.38,12,5.917374,False--12.01,1,5.918368,False--12.01,1,5.919367,False--11.6,10,5.929205,False--12.04,4,5.933205,False--11.58,7,5.940263,False--12.06,6,5.945605,False--12.01,1,5.947605,False--12.01,1,5.949115,False--11.78,3,5.952851,False--11.77,2,5.954858,False--11.52,2,5.957215,False--11.8,5,5.962374,False--11.78,3,5.965369,False--12.01,1,5.966381,False--11.78,3,5.970675,False--12.04,4,5.974018,False--11.84,9,5.983065,False--12.04,4,5.987076,False--11.81,5,5.992593,False--11.84,9,6.002119,False--11.83,8,6.010155,False--12.01,1,6.012165,False--12.02,2,6.01417,False--11.8,5,6.019162,False--12.07,7,6.026038,False--11.77,2,6.028038,False--12.05,5,6.033203,False--6.3,80,6.104527,False--12.06,6,6.111004,False--12.04,4,6.114997,False--11.77,2,6.116512,False--12.01,1,6.117519,False--12.02,2,6.120518,False--11.78,3,6.123513,False--11.54,4,6.127505,False--11.78,3,6.131498,False--12.04,4,6.134505,False--12.03,3,6.138032,False--12.01,1,6.140024,False--11.78,3,6.142673,False--11.3,80,6.213929,False--11.88,13,6.227455,False--12.02,2,6.229456,False--11.56,6,6.235648,False--11.84,9,6.24516,False--12.02,2,6.248159,False--11.85,10,6.257803,False--11.77,2,6.259796,False--11.83,8,6.267312,False--12.02,2,6.269311,False--12.02,2,6.271311,False--11.84,9,6.280837,False--11.84,8,6.288382,False--12.01,1,6.290382,False--12.11,11,6.301457,False--12.01,1,6.301457,False--12.09,9,6.311519,False--11.78,3,6.31503,False--12.06,6,6.322029,False--12.02,2,6.325062,False--11.77,2,6.327087,False--12.01,1,6.329087,False--11.8,5,6.333088,False--12.01,1,6.335088,False--10.91,15,6.348637,False--11.83,7,6.354633,False--11.79,4,6.359163,False--12.01,1,6.360163,False--12.08,8,6.367698,False--11.82,7,6.37503,False--12.04,4,6.378553,False--11.78,3,6.381545,False--12.05,5,6.386075,False--11.59,9,6.394887,False--11.77,2,6.397928,False--11.82,6,6.403938,False--11.31,6,6.409755,False--12.02,2,6.411754,False--12.05,5,6.415756,False--12.06,6,6.422274,False--12.02,2,6.423274,False--12.07,7,6.430044,False--12.03,3,6.434042,False220.19,6,6.439044,True--12.03,3,6.442397,False--11.87,12,6.453918,False--12.01,1,6.454918,False--12.01,1,6.455918,False--12.04,4,6.459872,False--11.6,9,6.469394,False--11.8,5,6.473919,False--11.84,9,6.482743,False--11.77,2,6.484739,False--12.04,4,6.488264,False--12.03,3,6.492093,False--12.06,6,6.498098,False--12.01,1,6.500105,False--12.02,2,6.501104,False--11.78,3,6.504631,False-1-11.81,6,6.511157,False-1-11.78,3,6.514664,False-1-11.8,5,6.51967,False-1-12.03,3,6.935318,False-1-12.07,7,6.943836,False-1-11.84,9,6.95434,False-1-12.06,6,6.961341,False-1-12.02,2,6.964852,False-1-12.07,7,6.974356,False-1-11.26,51,7.051219,False-1-11.77,2,7.069793,False-1-12.04,4,7.077667,False-1-12.03,3,7.082567,False-1-12.01,1,7.084567,False1919.95,5,7.093585,True-1-12.01,1,7.094585,False-1-12.06,6,7.103091,False-1-12.04,4,7.109101,False-1-11.77,2,7.112101,False-1-11.53,3,7.116101,False-1-11.77,2,7.118602,False-1-11.82,6,7.125016,False-1-12.04,4,7.130539,False-1-11.55,4,7.135231,False-1-12.01,1,7.13723,False2020.77,72,7.203449,True-1-11.86,11,7.213263,False-1-11.8,5,7.21826,False-1-11.79,4,7.222263,False-1-11.79,4,7.226179,False-1-10.4,13,7.238712,False-1-12.02,2,7.240712,False-1-12.06,6,7.247042,False-1-12.03,3,7.250035,False-1-12.03,3,7.253042,False-1-11.82,7,7.260628,Fals-11-11.81,6,7.266762,Fals-12-12.09,9,7.274754,Fals-12-12.05,5,7.279279,Fals-12-12.03,3,7.283272,Fals-12-12.03,3,7.285279,Fals-12-12.02,2,7.288919,Fals-11-11.6,10,7.298754,Fals-11-11.84,8,7.304749,Fals-12-12.03,3,7.309568,Fals-11-11.8,4,7.313568,Fals-11-11.79,4,7.317091,Fals21.21.32,16,7.332906,Tru-12-12.03,3,7.335906,Fals-11-11.57,7,7.34273,Fals-11-11.88,13,7.356754,Fals-11-11.8,5,7.361835,Fals-12-12.03,3,7.364827,Fals-12-12.02,2,7.366834,Fals-11-11.79,4,7.370363,Fals-11-11.83,8,7.377829,Fals-12-12.07,7,7.384469,Fals-12-12.05,5,7.390006,Fals-12-12.01,1,7.391284,Fals-12-12.01,1,7.39329,Fals-11-11.78,3,7.397291,Fal-12.-12.04,4,7.400817,Fal-12.-12.01,1,7.402816,Fal-11.-11.82,7,7.409597,Fal-12.-12.02,2,7.411611,Fal-11.-11.83,8,7.418603,Fal-12.-12.1,10,7.428368,Fal-11.-11.83,8,7.435891,Fal-12.-12.06,6,7.440891,Fal-11.-11.78,3,7.444195,Fal-12.-12.03,3,7.447393,Fal-11.-11.78,3,7.450393,Fal-12.-12.02,2,7.453742,Fal-11.-11.76,1,7.454742,Fal-12.-12.03,3,7.458153,Fal-12.-12.02,2,7.460173,Fal-12.-12.03,3,7.462702,Fal-11.-11.54,4,7.467695,Fal-12.-12.02,2,7.469701,Fal-11.-11.08,8,7.4765,False-1-11.31,6,7.482505,False-1-10.82,7,7.488287,False2020.41,9,7.49612,True-1-11.77,2,7.499123,False-1-12.02,2,7.50112,False-1-12.01,1,7.50212,False-1-12.01,1,7.503633,False-1-11.8,5,7.508436,False-1-12.02,2,7.51045,False-1-12.01,1,7.51145,False-1-11.89,14,7.524816,False-1-12.07,7,7.530842,False-1-12.01,1,7.532841,False-1-11.82,7,7.539134,False-1-11.8,5,7.543731,False-1-12.02,2,7.545236,False-1-10.81,6,7.551246,False-1-11.78,3,7.554246,False-1-12.02,2,7.556775,False-1-12.03,3,7.559088,False-1-11.76,1,7.56108,False-1-11.76,1,7.562087,False-1-11.78,3,7.566091,False-1-12.01,1,7.566613,False-1-11.79,4,7.570616,False-1-11.82,6,7.576404,False-1-11.84,9,7.584418,False-1-12.02,2,7.58693,False-1-12.01,1,7.588085,False-1-11.83,7,7.594467,False-1-11.57,7,7.600904,False-1-11.6,10,7.610663,False-1-11.86,11,7.620178,False2222.15,34,7.651105,True-1-11.84,9,7.659561,False-1-12.02,2,7.662085,False-1-11.78,3,7.665598,False-1-12.01,1,7.666603,False-1-11.79,4,7.675706,False-1-11.81,6,7.686214,False-1-12.01,1,7.688213,False-1-12.01,1,7.690457,False-1-11.86,10,7.703998,False-1-12.01,1,7.705502,False-1-12.03,3,7.709237,False-1-11.77,2,7.711754,False-1-12.01,1,7.712752,False-1-12.06,6,7.719049,False-1-11.35,10,7.7283,False1919.97,3,7.731292,True-1-11.77,2,7.733293,False-1-11.79,4,7.737828,False-1-11.79,3,7.74036,False-1-12.01,1,7.742404,False-1-11.82,7,7.74945,False-1-12.02,2,7.751448,False-1-12.02,2,7.753449,False-1-11.79,4,7.757818,False-1-12.01,1,7.758835,False-1-11.85,10,7.768346,False-1-11.83,8,7.776665,False-1-11.33,8,7.783745,False-1-12.03,3,7.787745,False-1-11.84,9,7.795597,False-1-11.61,10,7.805225,False-1-12.03,3,7.808635,False-1-12.01,1,7.809626,False-1-12.05,5,7.814904,False-1-11.79,4,7.818903,False-1-11.54,4,7.823434,False-1-12.01,1,7.824804,False-1-12.03,3,7.826825,False-1-11.56,6,7.833357,False-1-11.11,10,7.842119,False-1-12.03,3,7.845628,False-1-11.85,10,7.854168,False-1-12.03,3,7.857472,False-1-12.06,6,7.863003,False-1-12.02,2,7.865517,False-1-12.07,7,7.87203,False-1-12.02,2,7.874441,False-1-11.77,2,7.877462,False-1-12.01,1,7.878462,False-1-12.02,2,7.880462,False-1-10.89,38,8.828645,False-1-12.02,2,8.831637,False-1-11.77,2,8.834157,False-1-11.62,12,8.846685,False-1-12.03,3,8.850189,False-1-12.01,1,8.851207,False-1-12.01,1,8.853205,False-1-12.08,8,8.861729,False-1-12.05,5,8.868256,False-1-12.04,4,8.871778,False-1-12.06,6,8.87831,False-1-12.01,1,8.87931,False-1-12.02,2,8.882306,False-1-11.8,5,8.886835,False-1-11.34,8,8.896379,False-1-11.55,5,8.90168,False-1-11.57,7,8.908839,False-1-11.65,14,8.921887,False1919.95,5,8.925895,True-1-11.78,3,8.929421,False-1-12.02,2,8.931413,False-1-12.03,3,8.935426,False-1-11.84,9,8.944339,False-1-11.79,4,8.948332,False
